date,open,high,low,Close,vol,MACD_Signal,MACD,MACD_Hist,Real Middle Band,Real Lower Band,Real Upper Band,RSI,SMA,SMA,ROC,CCI,DX,crossover
2012-09-25,40.9,41.77,39.61,39.99,605400.0,2.403,2.6603,0.2573,35.5405,28.566,42.515,67.5624,39.328,37.1633,33.4079,177.3294,39.8065,True
2012-09-26,39.85,39.85,36.77,38.08,853900.0,2.4207,2.4912,0.0706,35.9785,29.5421,42.4149,60.0271,39.214,37.4227,34.1751,132.9362,31.7258,True
2012-09-27,38.4,40.33,38.4,40.04,478800.0,2.4339,2.4867,0.0529,36.506,30.5736,42.4384,64.3934,39.622,37.688,35.381,146.7146,32.3974,True
2012-09-28,39.99,39.99,36.16,38.68,1582500.0,2.4164,2.3464,-0.07,36.951,31.8228,42.0792,59.5569,39.432,37.83,29.0,119.5662,26.4923,False
2012-10-01,37.98,38.143,34.62,36.48,903900.0,2.3399,2.0342,-0.3058,37.22,32.8374,41.6026,52.697,38.654,37.9693,21.0889,86.8019,22.6672,False
2012-10-02,36.07,36.75,35.59,36.5,586700.0,2.2255,1.768,-0.4576,37.3615,33.2737,41.4493,52.75,37.956,38.202,8.5993,81.2754,22.6672,False
2012-10-03,36.53,37.68,36.52,37.03,283100.0,2.0967,1.5815,-0.5152,37.5035,33.6773,41.3297,54.2071,37.746,38.334,9.7582,89.4903,24.1006,False
2012-10-04,36.7,37.1966,36.7,37.15,145700.0,1.9628,1.427,-0.5358,37.558,33.7849,41.3311,54.5471,37.168,38.31,3.0948,85.0061,24.1006,False
2012-10-05,37.2,37.45,36.5,37.0,449500.0,1.8258,1.2777,-0.548,37.5805,33.8264,41.3346,54.01,36.832,38.1727,0.3752,81.2757,24.495,False
2012-10-08,36.6,36.66,35.97,36.53,251400.0,1.6824,1.1087,-0.5736,37.6875,34.1901,41.1849,52.2817,36.842,38.062,-0.9189,69.6142,23.1341,False
2012-10-09,36.61,36.8,35.78,36.0,505300.0,1.5302,0.9214,-0.6088,37.837,34.9497,40.7243,50.3357,36.742,38.0087,4.6346,64.2523,22.6454,False
2012-10-10,36.06,36.06,34.62,34.78,446000.0,1.3575,0.6668,-0.6907,37.8235,34.8822,40.7648,46.1034,36.292,37.7507,1.7592,46.3902,19.6955,False
2012-10-11,35.01,35.29,34.36,34.5,267300.0,1.1735,0.4374,-0.7361,37.673,34.3942,40.9518,45.1695,35.762,37.5173,-7.9071,37.6939,19.0429,False
2012-10-12,34.83,34.83,32.89,33.32,597700.0,0.9705,0.1586,-0.8119,37.386,33.6677,41.1043,41.3842,35.026,37.0967,-11.4416,19.3565,15.4243,False
2012-10-15,32.88,34.91,32.8,34.51,754800.0,0.783,0.0332,-0.7498,37.202,33.3013,41.1027,46.2511,34.622,36.706,-12.2203,23.8455,15.2063,False
2012-10-16,34.64,34.64,33.7,34.31,503300.0,0.6102,-0.0813,-0.6915,37.0775,32.9795,41.1755,45.5697,34.284,36.3273,-10.3752,24.2507,15.2063,False
2012-10-17,34.33,35.46,34.02,34.77,684500.0,0.4614,-0.1335,-0.5949,36.8835,32.7346,41.0324,47.4764,34.282,36.1067,-8.4431,31.4943,16.6892,False
2012-10-18,34.77,34.88,34.5,34.79,261500.0,0.3349,-0.1712,-0.5061,36.723,32.5114,40.9346,47.562,34.34,35.7567,-9.7075,29.0562,16.6892,False
2012-10-19,34.8,35.48,33.9,34.35,534600.0,0.2212,-0.2339,-0.455,36.459,32.3486,40.5694,45.8031,34.546,35.468,-10.9214,24.2542,15.1651,False
2012-10-22,34.45,34.5,32.54,33.44,721200.0,0.1063,-0.3529,-0.4593,36.1125,32.2165,40.0085,42.3339,34.332,35.2653,-15.2334,1.1951,11.7993,False
2012-10-23,33.32,34.86,32.61,34.56,440100.0,0.0145,-0.3528,-0.3673,35.841,32.3255,39.3565,47.5705,34.382,35.136,-16.543,8.9128,12.4878,False
2012-10-24,34.56,35.77,34.04,35.65,604600.0,-0.0407,-0.2618,-0.221,35.7195,32.3573,39.0817,52.1056,34.558,35.044,-10.2384,30.62,14.2093,False
2012-10-25,35.65,37.59,30.711,31.39,1953900.0,-0.1381,-0.5273,-0.3892,35.287,32.0356,38.5384,38.2509,33.878,34.66,-6.7939,-12.9312,6.4211,False
2012-10-26,31.68,32.98,31.39,31.89,601700.0,-0.2483,-0.6894,-0.4411,34.9475,31.7669,38.1281,40.2488,33.386,34.3193,-17.5294,-40.4221,6.4211,False
2012-10-31,32.11,32.74,30.12,30.65,568900.0,-0.3802,-0.9075,-0.5273,34.656,31.0504,38.2616,37.0624,32.828,33.9273,-14.1651,-62.343,3.6329,False
2012-11-01,31.33,31.64,29.551,31.04,788600.0,-0.5115,-1.0369,-0.5254,34.383,30.5572,38.2088,38.6978,32.124,33.5967,-13.9048,-74.2381,2.4104,False
2012-11-02,31.23,32.73,30.612,32.14,450200.0,-0.617,-1.0387,-0.4218,34.1385,30.3965,37.8805,43.1611,31.422,33.4207,-13.1369,-51.6916,4.6027,False
2012-11-05,32.15,32.58,31.1625,32.28,345100.0,-0.697,-1.0172,-0.3202,33.895,30.3394,37.4506,43.7199,31.6,33.2727,-12.4113,-50.5966,4.6027,False
2012-11-06,32.41,33.53,32.18,32.95,462300.0,-0.7446,-0.9352,-0.1906,33.6925,30.417,36.968,46.4207,31.812,33.248,-10.4673,-31.5154,6.496,False
2012-11-07,32.53,32.73,31.0,31.25,532700.0,-0.7949,-0.996,-0.2011,33.4285,30.261,36.596,41.0636,31.932,33.0307,-10.7201,-62.6974,3.8915,False
2012-11-08,30.87,31.59,30.68,30.9,288000.0,-0.848,-1.0601,-0.2122,33.1735,30.0544,36.2926,40.0442,31.904,32.8033,-14.1576,-76.7775,3.1955,False
2012-11-09,30.91,31.55,29.714,30.07,410200.0,-0.9113,-1.1645,-0.2533,32.938,29.6338,36.2422,37.6682,31.49,32.49,-12.5069,-89.7148,1.1159,False
2012-11-12,30.0,30.992,29.52,29.66,537300.0,-0.9822,-1.2658,-0.2836,32.696,29.1826,36.2094,36.5214,30.966,32.148,-12.1791,-98.8539,0.7014,False
2012-11-13,30.49,30.49,28.383,29.48,551000.0,-1.0547,-1.345,-0.2903,32.504,28.7374,36.2706,36.0057,30.272,31.8233,-12.4605,-113.129,1.7,False
2012-11-14,30.39,30.6,28.15,28.71,502900.0,-1.1344,-1.4532,-0.3188,32.214,28.2234,36.2046,33.8173,29.764,31.508,-12.346,-119.7817,2.1861,False
2012-11-15,28.34,31.98,28.28,31.79,7050800.0,-1.1627,-1.2757,-0.113,32.088,28.2126,35.9634,47.4943,29.942,31.3233,-7.679,-83.3608,0.7695,False
2012-11-16,33.43,34.5,29.45,30.35,1798600.0,-1.1776,-1.237,-0.0594,31.867,28.1268,35.6072,43.0389,29.998,30.97,-2.7073,-65.9527,5.8277,False
2012-11-19,30.52,31.44,28.82,31.06,1238600.0,-1.1692,-1.1359,0.0333,31.6805,28.1774,35.1836,45.7284,30.278,30.948,-9.8624,-90.7914,4.4738,True
2012-11-20,30.93,33.75,30.71,31.67,981200.0,-1.1344,-0.9951,0.1393,31.5465,28.2641,34.8289,47.9891,30.716,30.9333,-4.876,-53.0715,8.8234,True
2012-11-21,31.03,32.17,29.88,31.18,1658500.0,-1.09,-0.9125,0.1775,31.4335,28.266,34.601,46.3282,31.21,30.9687,-6.7536,-78.7856,7.0425,True
2012-11-23,31.18,31.2,30.51,30.77,186700.0,-1.0461,-0.8702,0.1759,31.244,28.4116,34.0764,44.9341,31.006,30.9507,-10.4991,-86.0151,7.0425,True
2012-11-26,28.61,30.86,28.61,30.5,790800.0,-1.0066,-0.8486,0.158,30.9865,28.9902,32.9828,43.9998,31.036,30.8413,-13.7266,-108.0503,3.0499,True
2012-11-27,30.53,30.8,29.2,30.3,1097400.0,-0.9728,-0.838,0.1349,30.932,28.9232,32.9408,43.2855,30.884,30.7093,-18.0633,-105.8802,3.0499,True
2012-11-28,30.52,31.38,29.98,31.21,446200.0,-0.9278,-0.7475,0.1803,30.898,28.9327,32.8633,47.4446,30.792,30.5933,-4.8514,-87.332,4.1782,True
2012-11-29,31.55,32.82,31.11,32.3,715800.0,-0.8584,-0.5811,0.2773,30.9805,28.9272,33.0338,51.9654,31.016,30.6633,0.2443,-56.7775,6.9135,True
2012-11-30,32.23,33.02,31.08,32.63,2460400.0,-0.7703,-0.4179,0.3525,31.06,28.8842,33.2358,53.2693,31.388,30.7787,4.3616,-51.9582,7.2873,True
2012-12-03,31.38,32.65,31.16,32.04,1012200.0,-0.6827,-0.3322,0.3505,31.055,28.8887,33.2213,50.6362,31.696,30.91,-0.2444,-58.058,7.2873,True
2012-12-04,31.98,32.39,29.745,30.19,1279000.0,-0.628,-0.409,0.219,30.9505,28.8295,33.0715,43.4252,31.674,30.9453,-0.5832,-85.0594,4.225,True
2012-12-05,30.49,30.49,28.52,29.41,1314800.0,-0.6077,-0.5266,0.0811,30.7735,28.7614,32.7856,40.8004,31.314,30.9407,-9.0665,-113.6288,1.67,True
2012-12-06,29.39,29.65,29.09,29.47,651500.0,-0.6078,-0.608,-0.0003,30.6845,28.6081,32.7609,41.0939,30.748,30.9913,-9.4103,-110.7368,1.67,False
2012-12-07,29.5,29.619,28.87,29.3,373900.0,-0.6219,-0.6784,-0.0565,30.6045,28.4459,32.7631,40.4847,30.082,30.8253,-6.2393,-109.5145,1.2092,False
2012-12-10,29.42,29.75,29.25,29.45,191000.0,-0.6403,-0.7139,-0.0736,30.5735,28.3678,32.7792,41.3072,29.564,30.7653,-5.7052,-100.2539,1.4796,False
2012-12-11,29.66,30.24,29.38,29.83,471900.0,-0.6529,-0.7032,-0.0503,30.582,28.3891,32.7749,43.4295,29.492,30.6833,-2.4264,-89.5866,2.4948,False
2012-12-12,30.03,31.28,29.41,30.63,834600.0,-0.6469,-0.623,0.0239,30.6395,28.5057,32.7733,47.6954,29.736,30.614,2.591,-72.9312,4.6161,True
2012-12-13,30.35,30.96,29.82,30.33,410300.0,-0.6329,-0.577,0.0559,30.7205,28.7708,32.6702,46.2928,29.908,30.5573,1.1765,-72.5497,4.6161,True
2012-12-14,30.29,30.94,30.02,30.54,374000.0,-0.6099,-0.5177,0.0922,30.658,28.7703,32.5457,47.4518,30.156,30.542,-3.252,-67.4678,4.6161,True
2012-12-17,30.5,31.13,30.0,31.1,382800.0,-0.572,-0.4206,0.1514,30.6955,28.8039,32.5871,50.5035,30.486,30.582,-9.7681,-59.7482,5.0132,True
2012-12-18,31.01,33.0,31.01,32.63,834000.0,-0.5012,-0.2177,0.2835,30.774,28.7063,32.8417,57.6955,31.046,30.7373,4.9618,-21.3179,8.8126,True
2012-12-19,32.85,32.85,31.96,32.43,439400.0,-0.4154,-0.0722,0.3432,30.812,28.6539,32.9701,56.5448,31.406,30.8187,-2.6667,-13.879,8.8126,True
2012-12-20,32.28,32.85,32.25,32.83,343900.0,-0.3174,0.0745,0.3919,30.8945,28.5669,33.2221,58.3258,31.906,30.854,2.1138,-4.696,8.8126,True
2012-12-21,32.48,32.74,32.23,32.49,622600.0,-0.2216,0.1615,0.3831,30.9805,28.5528,33.4082,56.2271,32.296,30.8447,4.9359,-5.7517,8.7637,True
2012-12-24,32.24,32.569,30.9,31.66,675400.0,-0.145,0.1616,0.3066,31.0385,28.604,33.473,51.3903,32.408,30.8193,5.5379,-27.4232,5.5534,True
2012-12-26,30.84,30.94,29.39,29.95,3430400.0,-0.1113,0.0234,0.1347,31.021,28.5607,33.4813,43.1894,31.872,30.8033,0.4545,-78.4257,2.0749,True
2012-12-27,29.49,29.99,29.25,29.52,1234900.0,-0.1129,-0.1194,-0.0065,30.9365,28.3932,33.4798,41.409,31.29,30.8107,-4.4296,-94.7564,1.7587,False
2012-12-28,29.16,29.48,28.9,29.05,1107000.0,-0.1438,-0.2674,-0.1236,30.774,28.1851,33.3629,39.502,30.534,30.7827,-10.1767,-108.6856,0.9636,False
2012-12-31,28.94,30.25,28.9,30.03,1247300.0,-0.1755,-0.3022,-0.1267,30.644,28.183,33.105,45.1456,30.042,30.8313,-8.3889,-85.9506,2.6652,False
2013-01-02,30.75,30.75,29.18,30.2,1525500.0,-0.2029,-0.3124,-0.1095,30.552,28.1703,32.9337,46.0805,29.75,30.8813,-5.8193,-72.4642,3.7571,False
2013-01-03,30.1,30.4,29.41,29.69,863100.0,-0.2338,-0.3575,-0.1237,30.527,28.1203,32.9337,43.6873,29.698,30.872,-6.1439,-78.947,3.7571,False
2013-01-04,29.8,29.84,28.96,29.02,1034400.0,-0.2755,-0.4423,-0.1668,30.5075,28.0589,32.9561,40.7112,29.598,30.7647,-2.1318,-99.9287,2.6849,False
2013-01-07,28.54,29.1,27.021,27.36,2517000.0,-0.3476,-0.636,-0.2884,30.402,27.624,33.18,34.4766,29.26,30.5667,-1.855,-157.2096,1.7635,False
2013-01-08,27.36,27.61,25.611,26.2,2826800.0,-0.4527,-0.8731,-0.4204,30.247,26.944,33.55,30.9302,28.494,30.2773,-6.7828,-209.5769,4.8129,False
2013-01-09,26.35,26.67,25.54,26.37,1430400.0,-0.5693,-1.0354,-0.4661,30.093,26.3925,33.7935,32.0281,27.728,29.962,-10.3529,-214.7674,4.9639,False
2013-01-10,26.45,26.62,26.15,26.46,691200.0,-0.6841,-1.1435,-0.4594,29.9245,25.8988,33.9502,32.6355,27.082,29.5507,-11.9709,-199.3438,4.9639,False
2013-01-11,26.6,27.5,26.4601,27.46,1133800.0,-0.7744,-1.1355,-0.3611,29.766,25.6162,33.9158,39.1124,26.77,29.2193,-12.0844,-162.3828,2.8712,False
2013-01-14,27.22,27.28,25.94,26.07,1047100.0,-0.8649,-1.2271,-0.3622,29.553,25.1136,33.9924,34.2133,26.512,28.7687,-11.8863,-186.2298,4.0214,False
2013-01-15,26.04,27.48,25.59,27.22,1239100.0,-0.9306,-1.1931,-0.2626,29.387,24.8603,33.9137,40.7877,26.716,28.4173,-11.1829,-166.6127,4.7929,False
2013-01-16,27.23,27.48,26.85,27.34,798000.0,-0.9731,-1.1434,-0.1702,29.199,24.6602,33.7378,41.442,26.91,28.1293,-11.725,-142.8396,4.7929,False
2013-01-17,27.42,27.78,27.25,27.6,953100.0,-0.9926,-1.0706,-0.078,28.9475,24.6457,33.2493,42.9064,27.138,27.9727,-15.8182,-125.8723,4.0515,False
2013-01-18,27.53,27.75,27.16,27.4,392000.0,-0.9976,-1.0174,-0.0198,28.696,24.658,32.734,42.0399,27.126,27.8313,-15.5251,-126.329,4.2581,False
2013-01-22,27.16,27.72,26.83,27.62,905700.0,-0.9874,-0.9465,0.0409,28.4355,24.8511,32.0199,43.3874,27.436,27.736,-15.6164,-123.6412,5.0209,True
2013-01-23,27.56,28.01,27.45,27.93,601600.0,-0.961,-0.8555,0.1055,28.2075,25.1411,31.2739,45.3071,27.578,27.596,-14.4472,-102.7989,4.2784,True
2013-01-24,27.64,29.59,27.0,29.52,1730100.0,-0.8983,-0.6475,0.2507,28.1005,25.3954,30.8056,53.8979,28.014,27.5507,-9.1467,-60.5809,0.3476,True
2013-01-25,29.54,31.5,29.385,31.1,1529400.0,-0.7889,-0.3512,0.4376,28.158,25.2563,31.0597,60.5031,28.714,27.6447,1.81,31.0589,4.0967,True
2013-01-28,30.88,31.47,30.72,31.25,944900.0,-0.6517,-0.1031,0.5486,28.2445,25.0931,31.3959,61.0704,29.484,27.7933,4.935,54.886,4.0967,True
2013-01-29,31.22,31.23,29.9,30.2,1111000.0,-0.5196,0.0087,0.5283,28.302,25.0535,31.5505,55.1311,30.0,27.9827,5.9362,22.5504,2.0892,True
2013-01-30,30.07,30.5,28.57,28.97,2502000.0,-0.4161,-0.0019,0.4142,28.249,25.0814,31.4166,49.1337,30.208,28.1673,0.8264,-28.2639,1.0581,True
2013-01-31,27.75,30.5,27.65,27.72,3539400.0,-0.3549,-0.1099,0.2449,28.125,25.0809,31.1691,43.9301,29.848,28.2573,-0.813,-60.1464,3.1582,True
2013-02-01,26.33,28.84,25.71,28.07,8243400.0,-0.317,-0.1654,0.1516,28.044,25.0857,31.0023,45.6567,29.242,28.3647,-5.1316,-107.3141,7.3744,True
2013-02-04,28.0,29.15,27.7,28.96,1650300.0,-0.2808,-0.1359,0.1448,28.041,25.0866,30.9954,49.863,28.784,28.4647,-2.3123,-54.7327,6.6201,True
2013-02-05,28.9,29.92,28.61,29.78,1909700.0,-0.2338,-0.0459,0.1879,28.162,25.1318,31.1922,53.422,28.7,28.712,2.8179,-13.214,4.7611,True
2013-02-06,29.36,29.785,29.36,29.72,757400.0,-0.183,0.0204,0.2033,28.338,25.3759,31.3001,53.1263,28.85,28.8787,7.8776,-3.0644,4.7611,True
2013-02-07,29.42,29.45,28.581,29.42,1066000.0,-0.1367,0.0481,0.1849,28.4905,25.6374,31.3436,51.5966,29.19,29.0173,10.4237,-25.3839,6.4673,True
2013-02-08,29.35,29.83,29.24,29.83,1021300.0,-0.089,0.102,0.191,28.659,25.9093,31.4087,53.5549,29.542,29.166,12.0586,-1.0768,5.5294,True
2013-02-11,29.75,29.75,29.15,29.55,721400.0,-0.047,0.1208,0.1678,28.7635,26.0453,31.4817,52.0151,29.66,29.3093,8.1818,-8.5825,5.7295,True
2013-02-12,29.5,29.75,29.04,29.25,679300.0,-0.0156,0.1101,0.1257,28.9225,26.4968,31.3482,50.3531,29.554,29.418,9.0543,-15.5944,5.9769,True
2013-02-13,29.59,29.89,28.7,29.78,2704200.0,0.0161,0.1428,0.1267,29.0505,26.7298,31.3712,53.1845,29.566,29.5413,8.77,-9.1742,6.7463,True
2013-02-14,30.63,33.21,30.4,32.88,5687800.0,0.0957,0.4141,0.3184,29.3275,26.6023,32.0527,65.5107,30.258,29.7653,20.8515,125.7585,1.2757,True
2013-02-15,33.0,34.12,32.341,33.86,3513300.0,0.2166,0.7001,0.4835,29.6405,26.393,32.888,68.3347,31.064,29.9493,22.8222,180.1745,3.3013,True
2013-02-19,33.66,34.33,32.86,33.46,3227700.0,0.3501,0.8843,0.5342,29.9435,26.466,33.421,65.9724,31.846,30.0967,23.7117,180.8568,3.7647,True
2013-02-20,33.4,33.92,32.84,32.96,1476000.0,0.4758,0.9786,0.5028,30.2105,26.6682,33.7528,63.0532,32.588,30.2807,22.3665,160.1279,3.7166,True
2013-02-21,32.13,32.9,31.14,31.54,2572500.0,0.5663,0.9281,0.3618,30.391,26.9659,33.8161,55.5709,32.94,30.452,17.4581,94.6068,0.2821,True
2013-02-22,31.45,33.86,31.11,33.48,2128800.0,0.6596,1.0327,0.3732,30.589,26.9378,34.2402,62.1462,33.06,30.836,14.4306,131.4227,1.8901,True
2013-02-25,33.48,33.75,32.0,32.17,1357600.0,0.7273,0.9984,0.2711,30.6425,26.9321,34.3529,56.1356,32.722,31.1093,7.1429,118.084,1.8901,True
2013-02-26,31.88,32.11,30.89,31.25,2125500.0,0.7592,0.8868,0.1275,30.6425,26.9321,34.3529,52.3274,32.28,31.262,2.0337,65.1286,0.6824,True
2013-02-27,31.59,33.63,31.26,32.2,1950400.0,0.7804,0.865,0.0846,30.7425,26.9778,34.5072,55.6556,32.128,31.4233,7.6849,104.6268,2.7373,True
2013-02-28,32.14,32.55,31.78,32.47,937500.0,0.7962,0.8596,0.0634,30.9175,27.1733,34.6617,56.5787,32.314,31.6067,6.7213,100.5057,2.7373,True
2013-03-01,32.06,33.01,31.69,32.79,1562300.0,0.8112,0.8711,0.0599,31.171,27.647,34.695,57.697,32.176,31.8313,8.2295,109.1059,3.7604,True
2013-03-04,32.49,33.78,32.48,33.68,1298700.0,0.8372,0.9411,0.104,31.4515,28.0693,34.8337,60.712,32.478,32.088,17.129,137.4021,5.4533,True
2013-03-05,33.65,36.82,33.33,36.57,3713600.0,0.9129,1.2159,0.303,31.832,27.9773,35.6867,68.5184,33.542,32.556,26.3122,212.651,11.6903,True
2013-03-06,36.41,37.47,35.72,36.95,2400700.0,1.0198,1.4476,0.4277,32.1905,27.8614,36.5196,69.3756,34.492,33.0693,25.234,236.1319,12.9391,True
2013-03-07,36.82,37.0,36.45,36.77,572200.0,1.1355,1.5982,0.4627,32.543,27.9367,37.1493,68.4299,35.352,33.5353,24.2236,219.8628,12.9391,True
2013-03-08,36.95,36.95,36.33,36.66,610800.0,1.2463,1.6893,0.443,32.905,28.2004,37.6096,67.8246,36.126,33.7873,25.4669,202.1154,12.635,True
2013-03-11,36.91,37.14,35.72,37.0,1185100.0,1.3507,1.7685,0.4178,33.2635,28.4592,38.0678,68.7404,36.79,33.9967,24.5055,187.8395,11.0887,True
2013-03-12,37.0,38.22,37.0,37.83,1856700.0,1.4559,1.8766,0.4207,33.6775,28.7981,38.5569,70.9063,37.042,34.288,28.4706,204.1847,13.2334,True
2013-03-13,37.88,38.18,37.01,37.61,996700.0,1.5492,1.9224,0.3732,34.0955,29.3751,38.8159,69.538,37.174,34.598,28.3361,187.8867,13.2334,True
2013-03-14,37.83,37.866,36.57,37.45,1129600.0,1.6241,1.9236,0.2995,34.479,29.9824,38.9756,68.5078,37.31,34.992,26.6845,168.1181,12.0941,True
2013-03-15,37.58,37.75,37.09,37.1,1551700.0,1.6742,1.8747,0.2005,34.69,30.1179,39.2621,66.209,37.398,35.2333,13.6706,158.4938,12.0941,True
2013-03-18,36.64,36.64,35.4,35.63,1539400.0,1.6789,1.6977,0.0188,34.7785,30.2056,39.3514,57.523,37.124,35.464,7.3857,118.3523,7.7865,True
2013-03-19,35.77,36.03,34.39,34.46,1187400.0,1.6324,1.4464,-0.186,34.8285,30.2926,39.3644,51.7352,36.45,35.678,4.9519,93.0306,5.3265,False
2013-03-20,35.36,35.44,34.44,34.76,877900.0,1.5573,1.257,-0.3004,34.9185,30.4638,39.3732,53.0334,35.88,35.8487,4.4811,88.9045,5.3265,False
2013-03-21,34.6,36.17,34.44,36.0,1497800.0,1.4845,1.1931,-0.2914,35.1415,30.9466,39.3364,58.0327,35.59,36.084,9.9392,101.1937,6.9145,False
2013-03-22,36.31,36.49,35.83,36.27,723200.0,1.4178,1.1511,-0.2667,35.281,31.1311,39.4309,59.0496,35.424,36.316,7.7673,111.4734,7.6053,False
2013-03-25,36.38,36.51,35.74,36.05,473000.0,1.3517,1.0874,-0.2643,35.475,31.5694,39.3806,57.8264,35.508,36.474,8.1778,104.5118,7.3774,False
2013-03-26,36.35,36.385,35.68,36.14,583500.0,1.2879,1.0324,-0.2555,35.7195,32.3235,39.1155,58.2059,35.844,36.4453,13.3136,99.5427,7.2234,False
2013-03-27,36.12,36.69,35.93,36.21,608500.0,1.2269,0.983,-0.2439,35.92,32.9295,38.9105,58.5169,36.134,36.396,9.099,99.863,7.9061,False
2013-03-28,36.74,37.24,35.92,36.2,744100.0,1.168,0.9324,-0.2356,36.1065,33.569,38.644,58.4503,36.174,36.358,14.4086,99.5123,9.1324,False
2013-04-01,36.2,36.495,34.78,35.23,1391400.0,1.0953,0.8047,-0.2906,36.2285,34.1469,38.3101,52.269,35.966,36.2627,10.5574,76.8814,6.153,False
2013-04-02,36.04,36.06,35.32,35.71,839700.0,1.023,0.7338,-0.2892,36.33,34.5845,38.0755,54.8032,35.898,36.1767,6.7496,78.1589,6.153,False
2013-04-03,35.64,35.81,33.95,34.53,1100600.0,0.9336,0.5757,-0.3578,36.228,34.3197,38.1363,48.0796,35.576,35.9567,-2.7431,57.1765,2.6695,False
2013-04-04,34.45,35.14,34.15,35.05,721100.0,0.8442,0.4868,-0.3574,36.133,34.1891,38.0769,50.9225,35.344,35.786,-6.2183,55.6572,2.6695,False
2013-04-05,34.28,35.2,34.28,35.17,543800.0,0.7596,0.4212,-0.3384,36.053,34.089,38.017,51.578,35.138,35.634,-4.8649,55.9154,2.8139,False
2013-04-08,35.24,35.59,35.07,35.55,716200.0,0.6868,0.3953,-0.2915,35.9975,34.0425,37.9525,53.6774,35.202,35.5307,-3.6806,64.8136,3.7581,False
2013-04-09,35.51,36.13,35.29,35.76,600600.0,0.6268,0.3872,-0.2396,35.9355,34.0337,37.8373,54.8368,35.212,35.5393,-2.7194,69.589,5.0569,False
2013-04-10,35.69,35.97,35.25,35.85,764900.0,0.5782,0.3837,-0.1945,35.8365,34.1449,37.5281,55.3499,35.476,35.632,-5.887,66.6814,4.9502,False
2013-04-11,35.67,35.8,34.86,34.99,866900.0,0.5242,0.3079,-0.2162,35.7055,34.1866,37.2244,49.5822,35.464,35.6473,-6.2336,54.2692,3.9039,False
2013-04-12,35.05,35.57,34.76,35.19,1170700.0,0.4715,0.261,-0.2105,35.5925,34.2885,36.8965,50.8582,35.468,35.5933,-6.0635,51.3545,3.6346,False
2013-04-15,34.98,35.54,34.64,34.94,740400.0,0.4175,0.2014,-0.2161,35.4845,34.3512,36.6178,49.1909,35.346,35.5047,-5.8543,46.4354,3.3077,False
2013-04-16,35.04,36.94,34.95,36.35,1439100.0,0.387,0.2648,-0.1222,35.5205,34.3268,36.7142,57.592,35.464,35.5247,0.8188,69.3279,6.7955,False
2013-04-17,35.83,36.09,34.98,35.63,693600.0,0.3604,0.2541,-0.1063,35.579,34.4888,36.6692,52.8143,35.42,35.4907,0.1665,55.0275,6.7955,False
2013-04-18,35.81,36.51,35.46,36.07,1248100.0,0.3439,0.2778,-0.066,35.6445,34.6026,36.6864,55.2452,35.636,35.4813,3.0192,64.3525,7.827,False
2013-04-19,36.31,37.85,36.11,36.29,1629200.0,0.3373,0.3108,-0.0264,35.659,34.59,36.728,56.4473,35.856,35.4873,4.6447,81.2596,11.0221,False
2013-04-22,36.27,36.87,35.99,36.67,903100.0,0.3425,0.3635,0.021,35.679,34.5517,36.8063,58.5096,36.202,35.5833,1.0414,73.0381,10.6727,True
2013-04-23,37.0,38.38,36.85,37.33,1934600.0,0.3647,0.4532,0.0886,35.743,34.4118,37.0742,61.8695,36.398,35.6913,5.1219,97.4441,14.1307,True
2013-04-24,37.51,38.21,37.42,37.62,1159800.0,0.4,0.5415,0.1415,35.817,34.2603,37.3737,63.2698,36.796,35.8973,5.0158,100.8347,14.1307,True
2013-04-25,40.46,43.99,39.76,43.39,6029700.0,0.533,1.0648,0.5318,36.176,32.5226,39.8294,79.3984,38.26,36.4533,19.8964,217.493,25.5411,True
2013-04-26,43.1,43.3,41.85,42.51,2807700.0,0.7049,1.3924,0.6876,36.4915,31.9119,41.0711,74.0827,39.504,36.9427,16.2728,216.317,25.5411,True
2013-04-29,42.4,43.01,42.07,42.09,1030100.0,0.8839,1.5998,0.7159,36.8345,31.6913,41.9777,71.6304,40.588,37.3787,17.8518,208.6092,25.5411,True
2013-04-30,41.96,41.97,40.27,40.96,1779900.0,1.0378,1.6538,0.616,37.097,31.6815,42.5125,65.3907,41.314,37.7253,16.3894,172.3026,20.3052,True
2013-05-01,40.75,40.77,38.6499,38.8,2944600.0,1.1313,1.505,0.3738,37.3105,31.9806,42.6404,55.4908,41.55,37.922,13.8509,124.469,15.8815,True
2013-05-02,39.71,40.17,38.7,39.14,1312000.0,1.1847,1.3984,0.2137,37.515,32.2341,42.7959,56.599,40.7,38.1987,14.3142,120.4842,15.8815,True
2013-05-03,39.73,41.0,38.69,40.95,1527200.0,1.2364,1.4434,0.2069,37.804,32.4362,43.1718,61.9959,40.388,38.5827,16.4773,143.5545,17.489,True
2013-05-06,41.0,41.0,39.95,40.4,723400.0,1.2728,1.4182,0.1454,38.0465,32.6697,43.4233,59.5836,40.05,38.9467,15.2009,147.9545,17.489,True
2013-05-07,40.58,40.58,39.01,39.52,1846400.0,1.2807,1.3122,0.0315,38.2345,32.9281,43.5409,55.8578,39.762,39.158,12.3166,122.0782,14.9169,True
2013-05-08,39.62,40.2499,39.29,39.58,1440400.0,1.2683,1.2189,-0.0494,38.421,33.2015,43.6405,56.0585,39.918,39.4213,11.8985,118.9717,14.9169,False
2013-05-09,39.26,39.6,38.52,38.85,1895100.0,1.2294,1.0737,-0.1557,38.614,33.6364,43.5916,52.9215,39.86,39.6067,10.6145,93.7078,12.8244,False
2013-05-10,38.54,40.22,38.31,38.99,2527300.0,1.1753,0.9589,-0.2164,38.804,34.08,43.528,53.4567,39.468,39.7867,13.0728,96.3302,14.1051,False
2013-05-13,39.22,40.14,39.05,39.47,1557800.0,1.1195,0.8963,-0.2232,39.0305,34.6472,43.4138,55.3224,39.282,39.9733,12.9432,104.6914,14.1051,False
2013-05-14,39.45,40.34,39.43,40.24,2498300.0,1.0753,0.8985,-0.1768,39.225,34.9921,43.4579,58.2022,39.426,40.1673,9.2041,114.6012,14.524,False
2013-05-15,40.08,40.98,40.03,40.53,2086900.0,1.0429,0.9131,-0.1298,39.47,35.5415,43.3985,59.2617,39.616,40.3613,13.5495,125.4395,15.8594,False
2013-05-16,40.6,41.08,39.65,39.9,1867500.0,1.0071,0.8639,-0.1432,39.6615,36.0544,43.2686,55.9598,39.826,40.1287,12.5171,110.7961,14.7767,False
2013-05-17,39.75,40.48,39.44,40.39,1419200.0,0.9766,0.8545,-0.122,39.8665,36.5991,43.1339,57.9139,40.106,39.9873,6.9485,102.7499,14.177,False
2013-05-20,40.48,41.0,39.96,40.31,1829000.0,0.9475,0.8311,-0.1164,40.0485,37.1263,42.9707,57.4679,40.274,39.8687,11.2015,107.985,15.2915,False
2013-05-21,40.13,40.39,39.26,40.04,1206000.0,0.9143,0.7818,-0.1326,40.184,37.5405,42.8275,55.9107,40.234,39.8073,5.2371,87.7864,13.2777,False
2013-05-22,40.06,40.98,38.1,38.42,1375600.0,0.8525,0.6049,-0.2475,40.224,37.7162,42.7318,47.6165,39.812,39.782,7.2494,61.9999,10.0388,False
2013-05-23,37.72,38.24,36.5,37.65,1123600.0,0.7616,0.3981,-0.3635,39.937,37.6392,42.2348,44.2719,39.362,39.6827,-13.0712,4.6574,5.7956,False
2013-05-24,37.66,37.86,37.05,37.81,671400.0,0.6581,0.2443,-0.4139,39.702,37.548,41.856,45.1299,38.846,39.4733,-12.5635,5.5633,5.7956,False
2013-05-28,38.57,38.88,37.2505,37.31,624400.0,0.5427,0.0811,-0.4616,39.463,37.3618,41.5642,42.9174,38.246,39.2673,-9.6024,11.1527,8.1312,False
2013-05-29,36.79,37.07,35.21,36.72,2483300.0,0.4152,-0.0948,-0.51,39.251,36.9506,41.5514,40.4125,37.582,39.0807,-11.675,-44.3483,2.9391,False
2013-05-30,36.84,37.67,36.61,36.77,1360400.0,0.2867,-0.2275,-0.5142,39.1495,36.6115,41.6875,40.7266,37.252,38.8933,-7.6036,-20.5535,4.313,False
2013-05-31,36.4,37.17,36.15,36.76,1115900.0,0.1634,-0.3297,-0.4931,39.0305,36.2871,41.7739,40.6807,37.074,38.754,-7.4683,-32.4467,3.1744,False
2013-06-03,36.54,36.77,35.91,36.75,1744600.0,0.0494,-0.4068,-0.4561,38.8205,36.054,41.587,40.6316,36.862,38.6047,-10.3171,-40.1844,2.5803,False
2013-06-04,36.89,37.31,35.89,36.09,973200.0,-0.0635,-0.5152,-0.4516,38.605,35.6964,41.5136,37.4351,36.618,38.3793,-9.0,-41.6978,3.8471,False
2013-06-05,35.99,36.105,35.62,35.91,783900.0,-0.1726,-0.6086,-0.4361,38.4245,35.3238,41.5252,36.5939,36.456,38.0907,-11.0276,-61.1413,3.165,False
2013-06-06,35.79,36.75,35.58,36.74,645800.0,-0.2598,-0.6087,-0.3489,38.2825,35.1465,41.4185,42.9297,36.45,37.838,-8.6954,-42.5691,4.6861,False
2013-06-07,37.0,39.23,36.61,39.16,1598600.0,-0.2896,-0.4087,-0.1192,38.298,35.1479,41.4481,56.5065,36.93,37.7887,-0.9343,28.3642,10.2015,False
2013-06-10,39.34,39.76,38.95,39.65,1532100.0,-0.2733,-0.2083,0.065,38.331,35.1391,41.5229,58.6411,37.51,37.7393,-1.1437,66.1134,11.3167,True
2013-06-11,39.44,40.24,38.9001,39.95,2812200.0,-0.2236,-0.025,0.1986,38.355,35.1222,41.5878,59.931,38.282,37.7153,0.2491,71.8754,12.3197,True
2013-06-12,40.34,40.49,38.23,38.37,2877500.0,-0.1803,-0.0071,0.1732,38.2615,35.1462,41.3768,50.9619,38.774,37.604,0.3718,46.9521,10.5448,True
2013-06-13,38.33,38.33,35.9,37.93,2042700.0,-0.1499,-0.0282,0.1218,38.1315,35.1937,41.0693,48.7835,39.012,37.5713,-6.4666,-11.4759,4.6947,True
2013-06-14,37.92,38.3,37.24,37.25,645800.0,-0.1396,-0.0986,0.0411,37.999,35.1547,40.8433,45.5589,38.63,37.5447,-6.7673,-5.7942,4.6947,True
2013-06-17,37.76,38.18,37.46,38.04,812900.0,-0.1296,-0.0896,0.0401,37.8815,35.2563,40.5067,49.6977,38.308,37.56,-5.6818,3.5168,4.6947,True
2013-06-18,38.37,38.44,37.23,37.67,1359900.0,-0.1259,-0.111,0.0149,37.7495,35.3722,40.1268,47.8715,37.852,37.584,-6.2439,-1.6084,5.283,True
2013-06-19,37.78,39.61,37.78,38.69,1614900.0,-0.1098,-0.0452,0.0646,37.682,35.5,39.864,52.9755,37.916,37.7153,-1.9312,30.7266,7.8849,True
2013-06-20,38.3105,38.52,37.78,38.33,1137100.0,-0.0922,-0.0218,0.0704,37.6775,35.5013,39.8537,51.0841,37.996,37.8193,-6.0029,11.5654,7.8849,True
2013-06-21,38.86,39.28,37.61,39.24,1677000.0,-0.0599,0.0693,0.1292,37.757,35.4769,40.0371,55.397,38.394,37.9847,2.7197,28.9962,9.554,True
2013-06-24,38.92,40.02,38.12,39.43,1700600.0,-0.0169,0.1551,0.172,37.838,35.4439,40.2321,56.2598,38.672,38.1633,5.7052,45.4429,11.1481,True
2013-06-25,39.75,40.01,39.04,39.6,905800.0,0.0333,0.2341,0.2008,37.9525,35.4536,40.4514,57.0561,39.058,38.3973,2.9064,56.9329,11.1481,True
2013-06-26,40.0,41.0,39.82,40.89,1638300.0,0.1059,0.3963,0.2903,38.161,35.4237,40.8983,62.5929,39.498,38.7293,10.6016,92.572,13.2633,True
2013-06-27,41.0,41.4,40.19,40.93,2101700.0,0.1891,0.522,0.3328,38.369,35.4593,41.2787,62.7524,40.018,39.0087,9.9018,99.7673,14.1035,True
2013-06-28,40.86,41.35,40.21,40.39,4739000.0,0.2656,0.5714,0.3058,38.5505,35.6122,41.4888,59.106,40.248,39.0907,11.2456,89.7935,14.1035,True
2013-07-01,40.21,41.4,39.825,40.79,1504500.0,0.3396,0.6356,0.296,38.7525,35.7818,41.7232,60.9088,40.52,39.1667,12.5918,88.0094,13.0138,True
2013-07-02,40.79,41.285,40.53,41.21,1036500.0,0.4141,0.7121,0.298,39.0085,36.1184,41.8986,62.7559,40.842,39.2507,10.654,98.3719,13.0138,True
2013-07-03,40.93,41.82,40.93,41.74,1015100.0,0.4925,0.8062,0.3137,39.3,36.5459,42.0541,64.9924,41.012,39.4753,15.8288,114.3748,14.1915,True
2013-07-05,41.77,43.34,41.68,43.31,1393900.0,0.5932,0.996,0.4028,39.6285,36.6187,42.6383,70.5963,41.488,39.834,17.932,159.9219,17.4217,True
2013-07-08,43.14,44.0,42.79,42.87,1540300.0,0.6942,1.0982,0.404,39.814,36.5006,43.1274,67.3586,41.984,40.2087,12.1591,171.9382,18.772,True
2013-07-09,43.05,43.45,42.18,43.29,1120300.0,0.7952,1.1993,0.4041,39.996,36.3549,43.6371,68.821,42.484,40.5587,9.2807,157.9951,16.9743,True
2013-07-10,42.98,44.0,42.89,43.47,948100.0,0.892,1.2792,0.3872,40.172,36.2291,44.1149,69.4496,42.936,40.9453,9.3439,172.2185,18.1108,True
2013-07-11,44.015,44.81,43.9,44.43,1839600.0,0.9944,1.4038,0.4094,40.475,36.214,44.736,72.6052,43.474,41.328,10.6693,200.3222,19.7558,True
2013-07-12,44.84,46.535,44.82,45.46,3341100.0,1.109,1.5676,0.4586,40.8515,36.2402,45.4628,75.5128,43.904,41.8033,21.4062,236.6561,23.1015,True
2013-07-15,45.43,45.92,44.96,45.26,959900.0,1.2197,1.6621,0.4425,41.252,36.5707,45.9333,73.8814,44.382,42.2047,19.8956,216.3801,23.1015,True
2013-07-16,45.31,45.3825,43.91,43.99,1888400.0,1.2989,1.6159,0.317,41.5495,36.9673,46.1317,64.4135,44.522,42.5087,18.8646,172.005,19.9532,True
2013-07-17,44.36,44.62,43.7,43.73,1135300.0,1.3472,1.5406,0.1933,41.8525,37.5432,46.1618,62.6524,44.574,42.784,16.077,149.8797,19.3325,True
2013-07-18,43.73,45.07,43.53,44.84,1358500.0,1.3883,1.5525,0.1642,42.16,37.9201,46.3999,66.804,44.656,43.0473,13.7844,158.2606,20.232,True
2013-07-19,44.55,44.55,43.84,43.89,718200.0,1.4043,1.4684,0.0641,42.438,38.5223,46.3537,60.6244,44.342,43.2447,15.6542,137.9691,20.232,True
2013-07-22,44.0,44.01,43.62,43.83,787100.0,1.3996,1.381,-0.0187,42.6675,38.9982,46.3368,60.2473,44.056,43.474,12.0418,126.0268,19.5579,False
2013-07-23,44.0,44.0,43.41,43.52,670800.0,1.3741,1.272,-0.1021,42.872,39.5036,46.2404,58.2417,43.962,43.656,9.945,118.1798,18.9108,False
2013-07-24,43.95,44.94,43.95,44.54,1067800.0,1.35,1.2535,-0.0965,43.119,40.034,46.204,62.6276,44.124,43.878,12.3219,142.1652,20.8607,False
2013-07-25,44.47,45.57,44.47,45.38,807500.0,1.3383,1.2918,-0.0466,43.3435,40.2867,46.4003,65.7973,44.232,44.1207,11.1463,155.7761,22.1369,False
2013-07-26,45.09,45.29,44.05,44.14,711200.0,1.3123,1.2081,-0.1042,43.504,40.6399,46.3681,58.0149,44.282,44.176,9.3961,128.2253,20.816,False
2013-07-29,44.1,44.62,43.6,43.75,133400.0,1.2694,1.0976,-0.1717,43.672,41.1895,46.1545,55.7912,44.266,44.2347,7.9081,107.6741,19.409,False
2013-07-30,43.75,43.91,42.89,43.21,1061100.0,1.2066,0.9555,-0.2511,43.793,41.675,45.911,52.7894,44.204,44.2293,6.0628,84.6161,17.2187,False
2013-07-31,43.29,43.91,43.16,43.58,1642900.0,1.1378,0.8628,-0.275,43.9115,42.1496,45.6734,54.5833,44.012,44.2367,6.3582,87.1037,17.2187,False
2013-08-01,46.09,47.43,42.57,46.4,4926500.0,1.1113,1.0053,-0.106,44.1445,42.3605,45.9285,65.3385,44.216,44.368,13.4146,134.2267,24.335,False
2013-08-02,45.6,46.0,45.19,45.62,3911600.0,1.0977,1.0432,-0.0545,44.26,42.4092,46.1108,61.0538,44.512,44.3787,6.1375,130.7668,24.335,False
2013-08-05,45.36,45.36,43.91,44.01,1146900.0,1.0647,0.9326,-0.132,44.317,42.5739,46.0601,53.3208,44.564,44.2953,3.0909,95.1991,20.4413,False
2013-08-06,43.5,43.68,41.93,42.3,2022400.0,0.9915,0.699,-0.2926,44.2675,42.3619,46.1731,46.6037,44.382,44.1827,0.5293,46.7896,14.7865,False
2013-08-07,42.24,42.31,41.35,41.64,1371500.0,0.8843,0.4553,-0.429,44.176,41.9734,46.3786,44.296,43.994,44.0433,-3.8409,23.2573,13.2032,False
2013-08-08,41.71,42.88,41.33,42.68,928900.0,0.7759,0.3421,-0.4337,44.0885,41.796,46.381,48.5935,43.25,43.8993,-4.3071,35.8456,14.3835,False
2013-08-09,42.6,42.96,42.17,42.49,1123300.0,0.6676,0.2344,-0.4332,43.94,41.6374,46.2426,47.8706,42.624,43.806,-7.6824,40.8983,14.5493,False
2013-08-12,41.9,43.0,41.77,42.06,964500.0,0.5567,0.113,-0.4436,43.78,41.4224,46.1376,46.2039,42.234,43.688,-6.3589,33.1298,13.4321,False
2013-08-13,42.16,42.16,41.35,41.59,690700.0,0.4412,-0.0208,-0.462,43.66,41.1201,46.1999,44.3938,42.092,43.5593,-7.1008,17.762,12.2629,False
2013-08-14,41.59,43.56,41.53,43.51,1712400.0,0.3585,0.0277,-0.3308,43.649,41.1085,46.1895,52.5331,42.466,43.4907,-2.3756,46.1291,15.2249,False
2013-08-15,42.92,43.61,42.68,43.61,1890900.0,0.3014,0.0734,-0.2281,43.5875,41.1065,46.0685,52.9176,42.652,43.3727,-3.2394,55.3175,15.3288,False
2013-08-16,43.69,44.61,43.32,44.47,2291100.0,0.2765,0.1769,-0.0996,43.6165,41.1086,46.1244,56.1883,43.048,43.3947,0.1347,73.8479,17.3865,False
2013-08-19,44.35,44.38,43.6625,43.88,1747400.0,0.263,0.209,-0.0541,43.619,41.1102,46.1278,53.4586,43.412,43.4033,0.8407,67.8164,17.3865,False
2013-08-20,43.65,44.61,43.52,44.48,894100.0,0.2663,0.2796,0.0132,43.667,41.131,46.203,55.7984,43.99,43.488,1.3864,71.5843,17.8613,True
2013-08-21,44.2,46.03,44.02,45.46,3527200.0,0.295,0.4099,0.1148,43.713,41.0836,46.3424,59.3727,44.38,43.6133,2.4255,93.7577,20.7222,True
2013-08-22,45.14,46.6,45.04,45.56,1814800.0,0.3391,0.5153,0.1762,43.722,41.0688,46.3752,59.7287,44.77,43.5573,2.2603,105.9604,21.8335,True
2013-08-23,45.45,46.27,45.45,45.74,1787700.0,0.3925,0.6063,0.2138,43.802,41.0103,46.5937,60.398,45.024,43.5653,2.1638,105.7064,21.8335,True
2013-08-26,45.82,47.83,45.58,47.35,2247500.0,0.4739,0.7992,0.3253,43.982,40.7912,47.1728,65.8389,45.718,43.788,7.1941,131.8574,24.8166,True
2013-08-27,46.72,46.72,45.61,46.08,1728500.0,0.5471,0.8399,0.2928,44.1255,40.8301,47.4209,58.9893,46.038,44.04,6.3995,108.9725,24.8166,True
2013-08-28,46.46,46.83,45.87,46.43,1026800.0,0.6157,0.8901,0.2744,44.268,40.8356,47.7004,60.2115,46.232,44.3593,6.65,113.8752,25.0253,True
2013-08-29,45.92,47.03,45.9,47.0,766900.0,0.6855,0.9648,0.2793,44.298,40.7821,47.8139,62.1784,46.52,44.6473,-0.8433,119.9408,25.4081,True
2013-08-30,46.9,47.05,45.98,46.88,2180000.0,0.7489,1.0027,0.2538,44.361,40.7101,48.0119,61.4928,46.748,44.94,2.2826,118.2615,25.4468,True
2013-09-03,47.1,47.64,46.41,46.9,1931300.0,0.8037,1.0226,0.2189,44.5055,40.6962,48.3148,61.5684,46.658,45.2627,5.0265,125.8877,26.5896,True
2013-09-04,47.6,47.6,46.12,47.2,1213100.0,0.853,1.0505,0.1974,44.7505,40.91,48.591,62.7452,46.882,45.6367,8.9744,122.3121,25.627,True
2013-09-05,47.25,48.09,46.8,47.6,1251100.0,0.9009,1.0922,0.1914,45.0485,41.2957,48.8013,64.3064,47.116,45.9093,13.6611,134.3148,26.5862,True
2013-09-06,47.81,48.0,46.52,46.95,1980300.0,0.9328,1.0607,0.1278,45.262,41.5875,48.9365,59.9334,47.106,46.132,11.9403,121.3342,25.6445,True
2013-09-09,47.02,49.47,46.61,49.14,1801500.0,0.986,1.1985,0.2126,45.5945,41.7826,49.4064,67.8305,47.558,46.4433,15.1536,157.2072,28.4849,True
2013-09-10,49.3,49.97,49.15,49.88,927200.0,1.0592,1.3519,0.2928,45.9855,42.1004,49.8706,69.9731,48.154,46.8433,16.2093,192.1736,29.4175,True
2013-09-11,49.86,50.27,49.55,49.89,1185100.0,1.1388,1.4575,0.3187,46.4005,42.7141,50.0869,70.002,48.692,47.204,19.2362,194.3926,29.9747,True
2013-09-12,50.0,50.35,49.41,49.45,1246400.0,1.2088,1.4885,0.2797,46.6975,43.0334,50.3616,66.9608,49.062,47.47,15.5877,184.5947,29.4896,True
2013-09-13,49.44,49.55,47.34,48.79,1667100.0,1.2557,1.4432,0.1875,46.9565,43.4741,50.4389,62.5906,49.43,47.6853,13.6207,142.5177,22.6084,True
2013-09-16,48.96,49.85,48.215,48.75,1323600.0,1.2821,1.388,0.1059,47.1705,43.8015,50.5395,62.3264,49.352,47.886,11.7462,150.0769,23.2098,True
2013-09-17,48.62,49.41,48.62,49.34,1454800.0,1.3009,1.3761,0.0752,47.4435,44.3085,50.5785,64.6819,49.244,48.0187,11.3339,150.5164,23.2098,True
2013-09-18,50.6684,51.65,50.44,51.22,2185500.0,1.3409,1.501,0.1601,47.7805,44.5448,51.0162,70.8946,49.51,48.3613,15.7812,203.2853,27.5571,True
2013-09-19,51.4,51.75,51.08,51.57,990200.0,1.3947,1.6097,0.215,48.086,44.6376,51.5344,71.8813,49.934,48.704,12.4267,203.3793,27.7428,True
2013-09-20,51.63,52.26,51.26,52.23,3875100.0,1.4616,1.7292,0.2676,48.4195,44.731,52.108,73.6836,50.622,49.0527,12.1459,205.4184,28.6909,True
2013-09-23,52.0,52.39,51.5,51.82,1414400.0,1.5233,1.7703,0.247,48.7235,44.9669,52.4801,70.6687,51.236,49.382,13.2267,193.9125,28.9326,True
2013-09-24,51.72,53.11,51.57,52.59,1064400.0,1.5874,1.8439,0.2564,48.9855,44.9296,53.0414,72.8999,51.886,49.7613,11.0391,197.7347,30.264,True
2013-09-25,52.68,53.11,52.18,52.35,1009900.0,1.6422,1.8613,0.2191,49.299,45.2207,53.3773,71.0939,52.112,50.1047,13.6772,190.0134,30.264,True
2013-09-26,52.58,52.78,52.13,52.39,1147400.0,1.6852,1.8569,0.1718,49.597,45.5298,53.6642,71.2212,52.276,50.424,12.7055,176.2974,30.089,True
2013-09-27,52.44,53.0,52.36,52.52,838400.0,1.7167,1.8427,0.1261,49.873,45.799,53.947,71.6559,52.334,50.7953,12.694,171.2064,30.5068,True
2013-09-30,52.1,52.34,51.17,51.95,1383100.0,1.7264,1.7651,0.0388,50.1265,46.2008,54.0522,66.9079,52.36,50.9827,11.2434,142.4349,26.3529,True
2013-10-01,51.6,51.89,50.61,51.49,1288600.0,1.7106,1.6475,-0.0631,50.356,46.683,54.029,63.2823,52.14,51.09,8.9211,123.8345,24.4571,False
2013-10-02,51.35,52.42,51.215,52.27,1158200.0,1.6882,1.5988,-0.0894,50.6095,47.1491,54.0699,66.5731,52.124,51.2487,10.1261,132.9146,25.5325,False
2013-10-03,52.39,52.9,51.56,52.15,1512800.0,1.6572,1.5329,-0.1243,50.837,47.6074,54.0666,65.6039,52.076,51.4287,10.0021,132.0007,26.4962,False
2013-10-04,53.09,55.46,52.81,54.43,1688800.0,1.6549,1.6456,-0.0092,51.211,48.14,54.282,73.4673,52.458,51.8047,15.5417,169.2471,31.3169,False
2013-10-07,54.26,55.46,53.135,53.25,1235700.0,1.6481,1.6211,-0.027,51.4165,48.3775,54.4555,65.2018,52.718,52.1047,12.1083,153.3894,31.3169,False
2013-10-08,53.06,53.06,47.64,48.91,4258200.0,1.5659,1.2372,-0.3288,51.368,48.204,54.532,45.1739,52.202,52.076,6.1837,61.7883,14.6282,False
2013-10-09,48.92,49.08,47.3701,48.08,1583100.0,1.4239,0.8561,-0.5679,51.2775,47.8565,54.6985,42.499,51.364,51.8667,-2.3672,23.9074,13.9051,False
2013-10-10,49.05,51.82,48.7,51.6,1422400.0,1.3049,0.8285,-0.4763,51.385,48.0669,54.7031,54.69,51.254,51.8687,2.9196,75.8266,19.1691,False
2013-10-11,51.65,51.89,50.88,51.59,726800.0,1.2032,0.7967,-0.4065,51.525,48.4277,54.6223,54.6548,50.686,51.826,4.7225,88.2298,19.2973,False
2013-10-14,51.18,52.9,50.77,51.9,716500.0,1.1201,0.7874,-0.3326,51.6825,48.8573,54.5077,55.6057,50.416,51.8313,6.1184,93.0077,21.1326,False
2013-10-15,51.92,51.92,49.68,49.69,1080700.0,1.015,0.5949,-0.4201,51.7,48.9292,54.4708,47.9284,50.572,51.638,5.0799,60.7185,18.1829,False
2013-10-16,50.11,52.295,50.04,51.85,1204900.0,0.9339,0.6096,-0.3244,51.7315,48.969,54.494,54.506,51.326,51.6047,1.2488,78.1087,18.8741,False
2013-10-17,51.57,52.0,50.88,51.71,1325400.0,0.8677,0.6029,-0.2648,51.7385,48.9769,54.5001,54.032,51.348,51.5593,0.4831,78.1076,18.8741,False
2013-10-18,52.15,52.38,51.24,51.83,628700.0,0.8143,0.6005,-0.2138,51.7185,48.9657,54.4713,54.3962,51.396,51.5133,0.2296,81.1876,19.586,False
2013-10-21,52.68,54.04,52.68,53.88,1108700.0,0.8025,0.7552,-0.0473,51.8215,48.9115,54.7315,60.1719,51.792,51.642,3.1495,112.5414,22.6032,False
2013-10-22,54.22,54.57,52.59,54.08,1281800.0,0.8187,0.8838,0.0651,51.896,48.8386,54.9534,60.6923,52.67,51.8147,2.749,112.9693,23.5348,True
2013-10-23,54.0,54.0,52.5,52.96,1418300.0,0.832,0.8851,0.0531,51.9265,48.8395,55.0135,56.2803,52.892,51.8607,1.6758,97.8077,23.2786,True
2013-10-24,54.75,58.41,54.75,58.37,3032100.0,0.9271,1.3076,0.3805,52.2255,48.0503,56.4007,68.2321,54.224,52.2753,10.6669,172.8302,30.4656,True
2013-10-25,57.55,57.8,56.05,56.69,2050900.0,1.0397,1.4898,0.4501,52.434,47.8267,57.0413,62.5434,55.196,52.426,9.0566,158.8728,30.4656,True
2013-10-28,56.6,56.94,54.68,54.84,1120800.0,1.1253,1.4679,0.3426,52.5785,47.861,57.296,56.9421,55.388,52.532,8.7887,127.1835,26.6538,True
2013-10-29,54.81,55.49,53.93,54.05,1179400.0,1.1744,1.371,0.1966,52.7065,47.9752,57.4378,54.7008,55.382,52.8747,6.9378,104.4936,24.6266,True
2013-10-30,54.03,55.17,53.7048,54.1,1058100.0,1.1963,1.2835,0.0872,52.798,48.0333,57.5627,54.8214,55.61,53.276,5.2461,98.6645,24.0205,True
2013-10-31,54.17,54.92,52.82,54.61,972200.0,1.2052,1.2409,0.0357,52.921,48.1029,57.7391,56.0986,54.858,53.4767,3.8185,92.5079,21.6564,True
2013-11-01,54.22,54.51,53.01,53.81,1217900.0,1.1901,1.1297,-0.0604,52.89,48.1032,57.6768,53.554,54.282,53.6247,-1.7129,83.8192,21.6564,False
2013-11-04,54.14,54.41,53.71,54.16,1058500.0,1.1636,1.0575,-0.1061,52.9355,48.1187,57.7523,54.521,54.146,53.7753,-1.8933,88.3353,21.6564,False
2013-11-05,54.16,56.355,53.92,55.36,1294700.0,1.1478,1.0847,-0.0631,53.258,48.706,57.81,57.7521,54.408,54.1533,6.21,109.5078,24.9633,False
2013-11-06,55.03,55.35,51.8,53.73,2555600.0,1.1109,0.9636,-0.1474,53.5405,49.6568,57.4242,52.3403,54.334,54.2787,12.7751,73.6704,19.3779,False
2013-11-07,54.14,54.42,51.52,51.79,3767000.0,1.0293,0.7029,-0.3264,53.55,49.6844,57.4156,46.7535,53.77,54.284,5.0174,48.431,18.6655,False
2013-11-08,51.53,52.99,51.2,51.86,1963000.0,0.9227,0.4963,-0.4264,53.5635,49.7236,57.4034,46.9723,53.38,54.286,2.1199,33.4531,17.8481,False
2013-11-11,51.82,52.49,51.71,51.96,1141200.0,0.8055,0.3367,-0.4688,53.5665,49.7317,57.4013,47.3037,52.94,54.158,-0.775,32.4309,17.8481,False
2013-11-12,52.0,52.81,51.5,52.35,1389300.0,0.6922,0.239,-0.4532,53.6995,50.2462,57.1528,48.6451,52.338,54.0427,1.7142,34.6936,18.4292,False
2013-11-13,52.0,53.57,51.54,53.54,1145000.0,0.6047,0.2546,-0.3501,53.784,50.4347,57.1333,52.5905,52.3,54.0813,2.4381,50.6076,19.7992,False
2013-11-14,53.37,53.86,52.41,52.62,1126300.0,0.5219,0.1906,-0.3313,53.8295,50.5706,57.0884,49.444,52.466,53.698,3.5769,51.3161,20.3186,False
2013-11-15,53.05,53.49,52.63,53.1,765800.0,0.4528,0.1765,-0.2763,53.893,50.7448,57.0412,51.0801,52.714,53.4587,2.1191,53.0608,20.3186,False
2013-11-18,53.27,53.68,51.43,51.66,1130100.0,0.372,0.0486,-0.3234,53.782,50.4867,57.0773,46.2673,52.654,53.2467,-0.6662,26.665,17.0743,False
2013-11-19,52.01,52.75,51.08,51.85,2327400.0,0.2902,-0.037,-0.3272,53.6705,50.2738,57.0672,46.9736,52.554,53.1,-3.3352,13.1941,16.1455,False
2013-11-20,51.84,52.52,50.54,51.15,1457000.0,0.2003,-0.1595,-0.3597,53.58,50.0198,57.1402,44.6565,52.076,52.9033,-2.7407,-6.0265,14.7173,False
2013-11-21,51.64,52.89,51.14,52.84,1227300.0,0.1364,-0.1188,-0.2552,53.3035,50.4946,56.1124,50.9191,52.12,52.7853,-9.4504,22.245,15.4418,False
2013-11-22,53.25,55.82,52.84,55.42,2571300.0,0.1332,0.1202,-0.013,53.24,50.6952,55.7848,58.5848,52.584,52.8927,-3.4256,108.3644,20.8561,False
2013-11-25,55.49,55.5,52.17,52.61,1833000.0,0.123,0.082,-0.041,53.1285,50.6804,55.5766,49.5533,52.774,52.7893,-2.529,59.0998,19.083,False
2013-11-26,53.22,55.06,52.64,54.5,7598300.0,0.1387,0.2018,0.0631,53.151,50.6615,55.6405,54.5973,53.304,52.732,-0.7749,82.3042,19.083,True
2013-11-27,54.45,54.46,53.4,53.76,740600.0,0.1579,0.2344,0.0765,53.134,50.6661,55.6019,52.3994,53.826,52.734,-1.2869,72.3358,19.083,True
2013-11-29,53.96,54.44,52.42,53.11,589900.0,0.1674,0.2054,0.038,53.059,50.6857,55.4323,50.4867,53.88,52.822,-0.874,46.8975,16.4546,True
2013-12-02,53.2,53.25,51.9,52.34,1120600.0,0.1577,0.1189,-0.0388,52.9855,50.6187,55.3523,48.2512,53.264,52.854,-2.3115,7.1056,15.084,False
2013-12-03,52.06,52.53,51.72,51.98,638300.0,0.1304,0.0211,-0.1093,52.8765,50.5355,55.2175,47.2042,53.138,52.8553,-3.4552,-15.8084,14.6092,False
2013-12-04,51.52,53.32,51.52,53.2,1354000.0,0.1126,0.0415,-0.0711,52.7685,50.714,54.823,51.0601,52.878,52.912,-5.3855,11.1997,16.1533,False
2013-12-05,52.96,54.06,52.49,53.49,1093800.0,0.1061,0.0802,-0.0259,52.7565,50.7219,54.7911,51.9538,52.824,52.9087,-2.3306,42.2544,17.5731,False
2013-12-06,54.14,54.285,52.53,52.71,861400.0,0.0944,0.0473,-0.047,52.8025,50.8163,54.7887,49.3565,52.744,52.9147,-0.2481,31.4412,18.0025,False
2013-12-09,52.98,53.0,51.22,51.63,1604900.0,0.0625,-0.0651,-0.1275,52.791,50.7806,54.8014,45.9486,52.602,52.8167,0.0189,-36.5212,14.4721,False
2013-12-10,50.9,51.3525,50.74,50.86,1300200.0,0.0072,-0.2138,-0.221,52.736,50.5826,54.8894,43.6466,52.378,52.7633,-2.1671,-92.7929,13.21,False
2013-12-11,50.99,51.18,49.31,49.35,1813900.0,-0.0839,-0.4484,-0.3645,52.586,49.9763,55.1957,39.4897,51.608,52.5967,-3.0865,-152.5142,9.5507,False
2013-12-12,49.35,49.59,48.22,49.0,2265500.0,-0.1981,-0.655,-0.4569,52.359,49.36,55.358,38.5772,50.71,52.4533,-7.4295,-201.6888,6.873,False
2013-12-13,49.49,50.84,49.25,50.53,1928600.0,-0.296,-0.6873,-0.3914,52.2545,49.1552,55.3538,44.5753,50.274,52.2993,-5.6071,-129.3688,9.4541,False
2013-12-16,51.02,51.99,50.62,51.37,1842300.0,-0.3643,-0.6378,-0.2735,52.168,49.0713,55.2647,47.5861,50.222,52.0293,-2.8043,-68.2264,11.7427,False
2013-12-17,51.1,51.61,50.78,51.43,1238300.0,-0.4089,-0.587,-0.1781,52.1565,49.0507,55.2623,47.8031,50.336,51.9507,-3.8562,-69.9809,11.7427,False
2013-12-18,51.53,51.88,50.16,51.01,1104800.0,-0.4419,-0.574,-0.1321,52.1145,48.9707,55.2583,46.3635,50.668,51.718,-1.6493,-80.9556,10.1898,False
2013-12-19,50.83,51.55,50.15,50.84,1157500.0,-0.4677,-0.5708,-0.1031,52.099,48.9334,55.2646,45.7658,51.036,51.5233,-1.8469,-86.5404,10.1647,False
2013-12-20,51.23,54.27,51.11,54.21,3200900.0,-0.4327,-0.293,0.1398,52.1675,48.8836,55.4514,57.424,51.772,51.5967,2.6092,32.3739,15.4918,True
2013-12-23,54.75,55.84,54.63,55.24,1538100.0,-0.3442,0.0102,0.3543,52.1585,48.9095,55.4075,60.2239,52.546,51.79,0.0358,128.9423,18.3343,True
2013-12-24,54.84,55.22,54.44,55.05,435200.0,-0.2288,0.2324,0.4613,52.2805,48.798,55.763,59.4512,53.27,51.9947,-0.5045,107.9786,17.8465,True
2013-12-26,54.94,55.13,54.53,55.07,449900.0,-0.102,0.4055,0.5075,52.309,48.7459,55.8721,59.5098,54.082,52.1193,0.1271,104.1883,17.8465,True
2013-12-27,55.21,55.63,55.021,55.5,606300.0,0.0326,0.5708,0.5382,52.396,48.617,56.175,60.8142,55.014,52.2533,2.1484,121.1696,18.758,True
2013-12-30,55.53,55.67,55.23,55.51,748300.0,0.165,0.6946,0.5296,52.516,48.5085,56.5235,60.8456,55.274,52.44,2.2594,119.8329,18.8313,True
2013-12-31,55.39,56.04,55.39,56.01,422900.0,0.2967,0.8236,0.5268,52.6995,48.4145,56.9845,62.4586,55.428,52.732,5.2394,131.9035,19.5141,True
date,open,high,low,Close,vol,MACD,MACD_Hist,MACD_Signal,Real Upper Band,Real Middle Band,Real Lower Band,RSI,SMA,SMA,ROC,CCI,DX,crossover
2012-09-25,40.9,41.77,39.61,39.99,605400.0,2.6603,0.2573,2.403,42.515,35.5405,28.566,67.5624,39.328,37.1633,33.4079,177.3294,39.8065,True
2012-09-26,39.85,39.85,36.77,38.08,853900.0,2.4912,0.0706,2.4207,42.4149,35.9785,29.5421,60.0271,39.214,37.4227,34.1751,132.9362,31.7258,True
2012-09-27,38.4,40.33,38.4,40.04,478800.0,2.4867,0.0529,2.4339,42.4384,36.506,30.5736,64.3934,39.622,37.688,35.381,146.7146,32.3974,True
2012-09-28,39.99,39.99,36.16,38.68,1582500.0,2.3464,-0.07,2.4164,42.0792,36.951,31.8228,59.5569,39.432,37.83,29.0,119.5662,26.4923,False
2012-10-01,37.98,38.143,34.62,36.48,903900.0,2.0342,-0.3058,2.3399,41.6026,37.22,32.8374,52.697,38.654,37.9693,21.0889,86.8019,22.6672,False
2012-10-02,36.07,36.75,35.59,36.5,586700.0,1.768,-0.4576,2.2255,41.4493,37.3615,33.2737,52.75,37.956,38.202,8.5993,81.2754,22.6672,False
2012-10-03,36.53,37.68,36.52,37.03,283100.0,1.5815,-0.5152,2.0967,41.3297,37.5035,33.6773,54.2071,37.746,38.334,9.7582,89.4903,24.1006,False
2012-10-04,36.7,37.1966,36.7,37.15,145700.0,1.427,-0.5358,1.9628,41.3311,37.558,33.7849,54.5471,37.168,38.31,3.0948,85.0061,24.1006,False
2012-10-05,37.2,37.45,36.5,37.0,449500.0,1.2777,-0.548,1.8258,41.3346,37.5805,33.8264,54.01,36.832,38.1727,0.3752,81.2757,24.495,False
2012-10-08,36.6,36.66,35.97,36.53,251400.0,1.1087,-0.5736,1.6824,41.1849,37.6875,34.1901,52.2817,36.842,38.062,-0.9189,69.6142,23.1341,False
2012-10-09,36.61,36.8,35.78,36.0,505300.0,0.9214,-0.6088,1.5302,40.7243,37.837,34.9497,50.3357,36.742,38.0087,4.6346,64.2523,22.6454,False
2012-10-10,36.06,36.06,34.62,34.78,446000.0,0.6668,-0.6907,1.3575,40.7648,37.8235,34.8822,46.1034,36.292,37.7507,1.7592,46.3902,19.6955,False
2012-10-11,35.01,35.29,34.36,34.5,267300.0,0.4374,-0.7361,1.1735,40.9518,37.673,34.3942,45.1695,35.762,37.5173,-7.9071,37.6939,19.0429,False
2012-10-12,34.83,34.83,32.89,33.32,597700.0,0.1586,-0.8119,0.9705,41.1043,37.386,33.6677,41.3842,35.026,37.0967,-11.4416,19.3565,15.4243,False
2012-10-15,32.88,34.91,32.8,34.51,754800.0,0.0332,-0.7498,0.783,41.1027,37.202,33.3013,46.2511,34.622,36.706,-12.2203,23.8455,15.2063,False
2012-10-16,34.64,34.64,33.7,34.31,503300.0,-0.0813,-0.6915,0.6102,41.1755,37.0775,32.9795,45.5697,34.284,36.3273,-10.3752,24.2507,15.2063,False
2012-10-17,34.33,35.46,34.02,34.77,684500.0,-0.1335,-0.5949,0.4614,41.0324,36.8835,32.7346,47.4764,34.282,36.1067,-8.4431,31.4943,16.6892,False
2012-10-18,34.77,34.88,34.5,34.79,261500.0,-0.1712,-0.5061,0.3349,40.9346,36.723,32.5114,47.562,34.34,35.7567,-9.7075,29.0562,16.6892,False
2012-10-19,34.8,35.48,33.9,34.35,534600.0,-0.2339,-0.455,0.2212,40.5694,36.459,32.3486,45.8031,34.546,35.468,-10.9214,24.2542,15.1651,False
2012-10-22,34.45,34.5,32.54,33.44,721200.0,-0.3529,-0.4593,0.1063,40.0085,36.1125,32.2165,42.3339,34.332,35.2653,-15.2334,1.1951,11.7993,False
2012-10-23,33.32,34.86,32.61,34.56,440100.0,-0.3528,-0.3673,0.0145,39.3565,35.841,32.3255,47.5705,34.382,35.136,-16.543,8.9128,12.4878,False
2012-10-24,34.56,35.77,34.04,35.65,604600.0,-0.2618,-0.221,-0.0407,39.0817,35.7195,32.3573,52.1056,34.558,35.044,-10.2384,30.62,14.2093,False
2012-10-25,35.65,37.59,30.711,31.39,1953900.0,-0.5273,-0.3892,-0.1381,38.5384,35.287,32.0356,38.2509,33.878,34.66,-6.7939,-12.9312,6.4211,False
2012-10-26,31.68,32.98,31.39,31.89,601700.0,-0.6894,-0.4411,-0.2483,38.1281,34.9475,31.7669,40.2488,33.386,34.3193,-17.5294,-40.4221,6.4211,False
2012-10-31,32.11,32.74,30.12,30.65,568900.0,-0.9075,-0.5273,-0.3802,38.2616,34.656,31.0504,37.0624,32.828,33.9273,-14.1651,-62.343,3.6329,False
2012-11-01,31.33,31.64,29.551,31.04,788600.0,-1.0369,-0.5254,-0.5115,38.2088,34.383,30.5572,38.6978,32.124,33.5967,-13.9048,-74.2381,2.4104,False
2012-11-02,31.23,32.73,30.612,32.14,450200.0,-1.0387,-0.4218,-0.617,37.8805,34.1385,30.3965,43.1611,31.422,33.4207,-13.1369,-51.6916,4.6027,False
2012-11-05,32.15,32.58,31.1625,32.28,345100.0,-1.0172,-0.3202,-0.697,37.4506,33.895,30.3394,43.7199,31.6,33.2727,-12.4113,-50.5966,4.6027,False
2012-11-06,32.41,33.53,32.18,32.95,462300.0,-0.9352,-0.1906,-0.7446,36.968,33.6925,30.417,46.4207,31.812,33.248,-10.4673,-31.5154,6.496,False
2012-11-07,32.53,32.73,31.0,31.25,532700.0,-0.996,-0.2011,-0.7949,36.596,33.4285,30.261,41.0636,31.932,33.0307,-10.7201,-62.6974,3.8915,False
2012-11-08,30.87,31.59,30.68,30.9,288000.0,-1.0601,-0.2122,-0.848,36.2926,33.1735,30.0544,40.0442,31.904,32.8033,-14.1576,-76.7775,3.1955,False
2012-11-09,30.91,31.55,29.714,30.07,410200.0,-1.1645,-0.2533,-0.9113,36.2422,32.938,29.6338,37.6682,31.49,32.49,-12.5069,-89.7148,1.1159,False
2012-11-12,30.0,30.992,29.52,29.66,537300.0,-1.2658,-0.2836,-0.9822,36.2094,32.696,29.1826,36.5214,30.966,32.148,-12.1791,-98.8539,0.7014,False
2012-11-13,30.49,30.49,28.383,29.48,551000.0,-1.345,-0.2903,-1.0547,36.2706,32.504,28.7374,36.0057,30.272,31.8233,-12.4605,-113.129,1.7,False
2012-11-14,30.39,30.6,28.15,28.71,502900.0,-1.4532,-0.3188,-1.1344,36.2046,32.214,28.2234,33.8173,29.764,31.508,-12.346,-119.7817,2.1861,False
2012-11-15,28.34,31.98,28.28,31.79,7050800.0,-1.2757,-0.113,-1.1627,35.9634,32.088,28.2126,47.4943,29.942,31.3233,-7.679,-83.3608,0.7695,False
2012-11-16,33.43,34.5,29.45,30.35,1798600.0,-1.237,-0.0594,-1.1776,35.6072,31.867,28.1268,43.0389,29.998,30.97,-2.7073,-65.9527,5.8277,False
2012-11-19,30.52,31.44,28.82,31.06,1238600.0,-1.1359,0.0333,-1.1692,35.1836,31.6805,28.1774,45.7284,30.278,30.948,-9.8624,-90.7914,4.4738,True
2012-11-20,30.93,33.75,30.71,31.67,981200.0,-0.9951,0.1393,-1.1344,34.8289,31.5465,28.2641,47.9891,30.716,30.9333,-4.876,-53.0715,8.8234,True
2012-11-21,31.03,32.17,29.88,31.18,1658500.0,-0.9125,0.1775,-1.09,34.601,31.4335,28.266,46.3282,31.21,30.9687,-6.7536,-78.7856,7.0425,True
2012-11-23,31.18,31.2,30.51,30.77,186700.0,-0.8702,0.1759,-1.0461,34.0764,31.244,28.4116,44.9341,31.006,30.9507,-10.4991,-86.0151,7.0425,True
2012-11-26,28.61,30.86,28.61,30.5,790800.0,-0.8486,0.158,-1.0066,32.9828,30.9865,28.9902,43.9998,31.036,30.8413,-13.7266,-108.0503,3.0499,True
2012-11-27,30.53,30.8,29.2,30.3,1097400.0,-0.838,0.1349,-0.9728,32.9408,30.932,28.9232,43.2855,30.884,30.7093,-18.0633,-105.8802,3.0499,True
2012-11-28,30.52,31.38,29.98,31.21,446200.0,-0.7475,0.1803,-0.9278,32.8633,30.898,28.9327,47.4446,30.792,30.5933,-4.8514,-87.332,4.1782,True
2012-11-29,31.55,32.82,31.11,32.3,715800.0,-0.5811,0.2773,-0.8584,33.0338,30.9805,28.9272,51.9654,31.016,30.6633,0.2443,-56.7775,6.9135,True
2012-11-30,32.23,33.02,31.08,32.63,2460400.0,-0.4179,0.3525,-0.7703,33.2358,31.06,28.8842,53.2693,31.388,30.7787,4.3616,-51.9582,7.2873,True
2012-12-03,31.38,32.65,31.16,32.04,1012200.0,-0.3322,0.3505,-0.6827,33.2213,31.055,28.8887,50.6362,31.696,30.91,-0.2444,-58.058,7.2873,True
2012-12-04,31.98,32.39,29.745,30.19,1279000.0,-0.409,0.219,-0.628,33.0715,30.9505,28.8295,43.4252,31.674,30.9453,-0.5832,-85.0594,4.225,True
2012-12-05,30.49,30.49,28.52,29.41,1314800.0,-0.5266,0.0811,-0.6077,32.7856,30.7735,28.7614,40.8004,31.314,30.9407,-9.0665,-113.6288,1.67,True
2012-12-06,29.39,29.65,29.09,29.47,651500.0,-0.608,-0.0003,-0.6078,32.7609,30.6845,28.6081,41.0939,30.748,30.9913,-9.4103,-110.7368,1.67,False
2012-12-07,29.5,29.619,28.87,29.3,373900.0,-0.6784,-0.0565,-0.6219,32.7631,30.6045,28.4459,40.4847,30.082,30.8253,-6.2393,-109.5145,1.2092,False
2012-12-10,29.42,29.75,29.25,29.45,191000.0,-0.7139,-0.0736,-0.6403,32.7792,30.5735,28.3678,41.3072,29.564,30.7653,-5.7052,-100.2539,1.4796,False
2012-12-11,29.66,30.24,29.38,29.83,471900.0,-0.7032,-0.0503,-0.6529,32.7749,30.582,28.3891,43.4295,29.492,30.6833,-2.4264,-89.5866,2.4948,False
2012-12-12,30.03,31.28,29.41,30.63,834600.0,-0.623,0.0239,-0.6469,32.7733,30.6395,28.5057,47.6954,29.736,30.614,2.591,-72.9312,4.6161,True
2012-12-13,30.35,30.96,29.82,30.33,410300.0,-0.577,0.0559,-0.6329,32.6702,30.7205,28.7708,46.2928,29.908,30.5573,1.1765,-72.5497,4.6161,True
2012-12-14,30.29,30.94,30.02,30.54,374000.0,-0.5177,0.0922,-0.6099,32.5457,30.658,28.7703,47.4518,30.156,30.542,-3.252,-67.4678,4.6161,True
2012-12-17,30.5,31.13,30.0,31.1,382800.0,-0.4206,0.1514,-0.572,32.5871,30.6955,28.8039,50.5035,30.486,30.582,-9.7681,-59.7482,5.0132,True
2012-12-18,31.01,33.0,31.01,32.63,834000.0,-0.2177,0.2835,-0.5012,32.8417,30.774,28.7063,57.6955,31.046,30.7373,4.9618,-21.3179,8.8126,True
2012-12-19,32.85,32.85,31.96,32.43,439400.0,-0.0722,0.3432,-0.4154,32.9701,30.812,28.6539,56.5448,31.406,30.8187,-2.6667,-13.879,8.8126,True
2012-12-20,32.28,32.85,32.25,32.83,343900.0,0.0745,0.3919,-0.3174,33.2221,30.8945,28.5669,58.3258,31.906,30.854,2.1138,-4.696,8.8126,True
2012-12-21,32.48,32.74,32.23,32.49,622600.0,0.1615,0.3831,-0.2216,33.4082,30.9805,28.5528,56.2271,32.296,30.8447,4.9359,-5.7517,8.7637,True
2012-12-24,32.24,32.569,30.9,31.66,675400.0,0.1616,0.3066,-0.145,33.473,31.0385,28.604,51.3903,32.408,30.8193,5.5379,-27.4232,5.5534,True
2012-12-26,30.84,30.94,29.39,29.95,3430400.0,0.0234,0.1347,-0.1113,33.4813,31.021,28.5607,43.1894,31.872,30.8033,0.4545,-78.4257,2.0749,True
2012-12-27,29.49,29.99,29.25,29.52,1234900.0,-0.1194,-0.0065,-0.1129,33.4798,30.9365,28.3932,41.409,31.29,30.8107,-4.4296,-94.7564,1.7587,False
2012-12-28,29.16,29.48,28.9,29.05,1107000.0,-0.2674,-0.1236,-0.1438,33.3629,30.774,28.1851,39.502,30.534,30.7827,-10.1767,-108.6856,0.9636,False
2012-12-31,28.94,30.25,28.9,30.03,1247300.0,-0.3022,-0.1267,-0.1755,33.105,30.644,28.183,45.1456,30.042,30.8313,-8.3889,-85.9506,2.6652,False
2013-01-02,30.75,30.75,29.18,30.2,1525500.0,-0.3124,-0.1095,-0.2029,32.9337,30.552,28.1703,46.0805,29.75,30.8813,-5.8193,-72.4642,3.7571,False
2013-01-03,30.1,30.4,29.41,29.69,863100.0,-0.3575,-0.1237,-0.2338,32.9337,30.527,28.1203,43.6873,29.698,30.872,-6.1439,-78.947,3.7571,False
2013-01-04,29.8,29.84,28.96,29.02,1034400.0,-0.4423,-0.1668,-0.2755,32.9561,30.5075,28.0589,40.7112,29.598,30.7647,-2.1318,-99.9287,2.6849,False
2013-01-07,28.54,29.1,27.021,27.36,2517000.0,-0.636,-0.2884,-0.3476,33.18,30.402,27.624,34.4766,29.26,30.5667,-1.855,-157.2096,1.7635,False
2013-01-08,27.36,27.61,25.611,26.2,2826800.0,-0.8731,-0.4204,-0.4527,33.55,30.247,26.944,30.9302,28.494,30.2773,-6.7828,-209.5769,4.8129,False
2013-01-09,26.35,26.67,25.54,26.37,1430400.0,-1.0354,-0.4661,-0.5693,33.7935,30.093,26.3925,32.0281,27.728,29.962,-10.3529,-214.7674,4.9639,False
2013-01-10,26.45,26.62,26.15,26.46,691200.0,-1.1435,-0.4594,-0.6841,33.9502,29.9245,25.8988,32.6355,27.082,29.5507,-11.9709,-199.3438,4.9639,False
2013-01-11,26.6,27.5,26.4601,27.46,1133800.0,-1.1355,-0.3611,-0.7744,33.9158,29.766,25.6162,39.1124,26.77,29.2193,-12.0844,-162.3828,2.8712,False
2013-01-14,27.22,27.28,25.94,26.07,1047100.0,-1.2271,-0.3622,-0.8649,33.9924,29.553,25.1136,34.2133,26.512,28.7687,-11.8863,-186.2298,4.0214,False
2013-01-15,26.04,27.48,25.59,27.22,1239100.0,-1.1931,-0.2626,-0.9306,33.9137,29.387,24.8603,40.7877,26.716,28.4173,-11.1829,-166.6127,4.7929,False
2013-01-16,27.23,27.48,26.85,27.34,798000.0,-1.1434,-0.1702,-0.9731,33.7378,29.199,24.6602,41.442,26.91,28.1293,-11.725,-142.8396,4.7929,False
2013-01-17,27.42,27.78,27.25,27.6,953100.0,-1.0706,-0.078,-0.9926,33.2493,28.9475,24.6457,42.9064,27.138,27.9727,-15.8182,-125.8723,4.0515,False
2013-01-18,27.53,27.75,27.16,27.4,392000.0,-1.0174,-0.0198,-0.9976,32.734,28.696,24.658,42.0399,27.126,27.8313,-15.5251,-126.329,4.2581,False
2013-01-22,27.16,27.72,26.83,27.62,905700.0,-0.9465,0.0409,-0.9874,32.0199,28.4355,24.8511,43.3874,27.436,27.736,-15.6164,-123.6412,5.0209,True
2013-01-23,27.56,28.01,27.45,27.93,601600.0,-0.8555,0.1055,-0.961,31.2739,28.2075,25.1411,45.3071,27.578,27.596,-14.4472,-102.7989,4.2784,True
2013-01-24,27.64,29.59,27.0,29.52,1730100.0,-0.6475,0.2507,-0.8983,30.8056,28.1005,25.3954,53.8979,28.014,27.5507,-9.1467,-60.5809,0.3476,True
2013-01-25,29.54,31.5,29.385,31.1,1529400.0,-0.3512,0.4376,-0.7889,31.0597,28.158,25.2563,60.5031,28.714,27.6447,1.81,31.0589,4.0967,True
2013-01-28,30.88,31.47,30.72,31.25,944900.0,-0.1031,0.5486,-0.6517,31.3959,28.2445,25.0931,61.0704,29.484,27.7933,4.935,54.886,4.0967,True
2013-01-29,31.22,31.23,29.9,30.2,1111000.0,0.0087,0.5283,-0.5196,31.5505,28.302,25.0535,55.1311,30.0,27.9827,5.9362,22.5504,2.0892,True
2013-01-30,30.07,30.5,28.57,28.97,2502000.0,-0.0019,0.4142,-0.4161,31.4166,28.249,25.0814,49.1337,30.208,28.1673,0.8264,-28.2639,1.0581,True
2013-01-31,27.75,30.5,27.65,27.72,3539400.0,-0.1099,0.2449,-0.3549,31.1691,28.125,25.0809,43.9301,29.848,28.2573,-0.813,-60.1464,3.1582,True
2013-02-01,26.33,28.84,25.71,28.07,8243400.0,-0.1654,0.1516,-0.317,31.0023,28.044,25.0857,45.6567,29.242,28.3647,-5.1316,-107.3141,7.3744,True
2013-02-04,28.0,29.15,27.7,28.96,1650300.0,-0.1359,0.1448,-0.2808,30.9954,28.041,25.0866,49.863,28.784,28.4647,-2.3123,-54.7327,6.6201,True
2013-02-05,28.9,29.92,28.61,29.78,1909700.0,-0.0459,0.1879,-0.2338,31.1922,28.162,25.1318,53.422,28.7,28.712,2.8179,-13.214,4.7611,True
2013-02-06,29.36,29.785,29.36,29.72,757400.0,0.0204,0.2033,-0.183,31.3001,28.338,25.3759,53.1263,28.85,28.8787,7.8776,-3.0644,4.7611,True
2013-02-07,29.42,29.45,28.581,29.42,1066000.0,0.0481,0.1849,-0.1367,31.3436,28.4905,25.6374,51.5966,29.19,29.0173,10.4237,-25.3839,6.4673,True
2013-02-08,29.35,29.83,29.24,29.83,1021300.0,0.102,0.191,-0.089,31.4087,28.659,25.9093,53.5549,29.542,29.166,12.0586,-1.0768,5.5294,True
2013-02-11,29.75,29.75,29.15,29.55,721400.0,0.1208,0.1678,-0.047,31.4817,28.7635,26.0453,52.0151,29.66,29.3093,8.1818,-8.5825,5.7295,True
2013-02-12,29.5,29.75,29.04,29.25,679300.0,0.1101,0.1257,-0.0156,31.3482,28.9225,26.4968,50.3531,29.554,29.418,9.0543,-15.5944,5.9769,True
2013-02-13,29.59,29.89,28.7,29.78,2704200.0,0.1428,0.1267,0.0161,31.3712,29.0505,26.7298,53.1845,29.566,29.5413,8.77,-9.1742,6.7463,True
2013-02-14,30.63,33.21,30.4,32.88,5687800.0,0.4141,0.3184,0.0957,32.0527,29.3275,26.6023,65.5107,30.258,29.7653,20.8515,125.7585,1.2757,True
2013-02-15,33.0,34.12,32.341,33.86,3513300.0,0.7001,0.4835,0.2166,32.888,29.6405,26.393,68.3347,31.064,29.9493,22.8222,180.1745,3.3013,True
2013-02-19,33.66,34.33,32.86,33.46,3227700.0,0.8843,0.5342,0.3501,33.421,29.9435,26.466,65.9724,31.846,30.0967,23.7117,180.8568,3.7647,True
2013-02-20,33.4,33.92,32.84,32.96,1476000.0,0.9786,0.5028,0.4758,33.7528,30.2105,26.6682,63.0532,32.588,30.2807,22.3665,160.1279,3.7166,True
2013-02-21,32.13,32.9,31.14,31.54,2572500.0,0.9281,0.3618,0.5663,33.8161,30.391,26.9659,55.5709,32.94,30.452,17.4581,94.6068,0.2821,True
2013-02-22,31.45,33.86,31.11,33.48,2128800.0,1.0327,0.3732,0.6596,34.2402,30.589,26.9378,62.1462,33.06,30.836,14.4306,131.4227,1.8901,True
2013-02-25,33.48,33.75,32.0,32.17,1357600.0,0.9984,0.2711,0.7273,34.3529,30.6425,26.9321,56.1356,32.722,31.1093,7.1429,118.084,1.8901,True
2013-02-26,31.88,32.11,30.89,31.25,2125500.0,0.8868,0.1275,0.7592,34.3529,30.6425,26.9321,52.3274,32.28,31.262,2.0337,65.1286,0.6824,True
2013-02-27,31.59,33.63,31.26,32.2,1950400.0,0.865,0.0846,0.7804,34.5072,30.7425,26.9778,55.6556,32.128,31.4233,7.6849,104.6268,2.7373,True
2013-02-28,32.14,32.55,31.78,32.47,937500.0,0.8596,0.0634,0.7962,34.6617,30.9175,27.1733,56.5787,32.314,31.6067,6.7213,100.5057,2.7373,True
2013-03-01,32.06,33.01,31.69,32.79,1562300.0,0.8711,0.0599,0.8112,34.695,31.171,27.647,57.697,32.176,31.8313,8.2295,109.1059,3.7604,True
2013-03-04,32.49,33.78,32.48,33.68,1298700.0,0.9411,0.104,0.8372,34.8337,31.4515,28.0693,60.712,32.478,32.088,17.129,137.4021,5.4533,True
2013-03-05,33.65,36.82,33.33,36.57,3713600.0,1.2159,0.303,0.9129,35.6867,31.832,27.9773,68.5184,33.542,32.556,26.3122,212.651,11.6903,True
2013-03-06,36.41,37.47,35.72,36.95,2400700.0,1.4476,0.4277,1.0198,36.5196,32.1905,27.8614,69.3756,34.492,33.0693,25.234,236.1319,12.9391,True
2013-03-07,36.82,37.0,36.45,36.77,572200.0,1.5982,0.4627,1.1355,37.1493,32.543,27.9367,68.4299,35.352,33.5353,24.2236,219.8628,12.9391,True
2013-03-08,36.95,36.95,36.33,36.66,610800.0,1.6893,0.443,1.2463,37.6096,32.905,28.2004,67.8246,36.126,33.7873,25.4669,202.1154,12.635,True
2013-03-11,36.91,37.14,35.72,37.0,1185100.0,1.7685,0.4178,1.3507,38.0678,33.2635,28.4592,68.7404,36.79,33.9967,24.5055,187.8395,11.0887,True
2013-03-12,37.0,38.22,37.0,37.83,1856700.0,1.8766,0.4207,1.4559,38.5569,33.6775,28.7981,70.9063,37.042,34.288,28.4706,204.1847,13.2334,True
2013-03-13,37.88,38.18,37.01,37.61,996700.0,1.9224,0.3732,1.5492,38.8159,34.0955,29.3751,69.538,37.174,34.598,28.3361,187.8867,13.2334,True
2013-03-14,37.83,37.866,36.57,37.45,1129600.0,1.9236,0.2995,1.6241,38.9756,34.479,29.9824,68.5078,37.31,34.992,26.6845,168.1181,12.0941,True
2013-03-15,37.58,37.75,37.09,37.1,1551700.0,1.8747,0.2005,1.6742,39.2621,34.69,30.1179,66.209,37.398,35.2333,13.6706,158.4938,12.0941,True
2013-03-18,36.64,36.64,35.4,35.63,1539400.0,1.6977,0.0188,1.6789,39.3514,34.7785,30.2056,57.523,37.124,35.464,7.3857,118.3523,7.7865,True
2013-03-19,35.77,36.03,34.39,34.46,1187400.0,1.4464,-0.186,1.6324,39.3644,34.8285,30.2926,51.7352,36.45,35.678,4.9519,93.0306,5.3265,False
2013-03-20,35.36,35.44,34.44,34.76,877900.0,1.257,-0.3004,1.5573,39.3732,34.9185,30.4638,53.0334,35.88,35.8487,4.4811,88.9045,5.3265,False
2013-03-21,34.6,36.17,34.44,36.0,1497800.0,1.1931,-0.2914,1.4845,39.3364,35.1415,30.9466,58.0327,35.59,36.084,9.9392,101.1937,6.9145,False
2013-03-22,36.31,36.49,35.83,36.27,723200.0,1.1511,-0.2667,1.4178,39.4309,35.281,31.1311,59.0496,35.424,36.316,7.7673,111.4734,7.6053,False
2013-03-25,36.38,36.51,35.74,36.05,473000.0,1.0874,-0.2643,1.3517,39.3806,35.475,31.5694,57.8264,35.508,36.474,8.1778,104.5118,7.3774,False
2013-03-26,36.35,36.385,35.68,36.14,583500.0,1.0324,-0.2555,1.2879,39.1155,35.7195,32.3235,58.2059,35.844,36.4453,13.3136,99.5427,7.2234,False
2013-03-27,36.12,36.69,35.93,36.21,608500.0,0.983,-0.2439,1.2269,38.9105,35.92,32.9295,58.5169,36.134,36.396,9.099,99.863,7.9061,False
2013-03-28,36.74,37.24,35.92,36.2,744100.0,0.9324,-0.2356,1.168,38.644,36.1065,33.569,58.4503,36.174,36.358,14.4086,99.5123,9.1324,False
2013-04-01,36.2,36.495,34.78,35.23,1391400.0,0.8047,-0.2906,1.0953,38.3101,36.2285,34.1469,52.269,35.966,36.2627,10.5574,76.8814,6.153,False
2013-04-02,36.04,36.06,35.32,35.71,839700.0,0.7338,-0.2892,1.023,38.0755,36.33,34.5845,54.8032,35.898,36.1767,6.7496,78.1589,6.153,False
2013-04-03,35.64,35.81,33.95,34.53,1100600.0,0.5757,-0.3578,0.9336,38.1363,36.228,34.3197,48.0796,35.576,35.9567,-2.7431,57.1765,2.6695,False
2013-04-04,34.45,35.14,34.15,35.05,721100.0,0.4868,-0.3574,0.8442,38.0769,36.133,34.1891,50.9225,35.344,35.786,-6.2183,55.6572,2.6695,False
2013-04-05,34.28,35.2,34.28,35.17,543800.0,0.4212,-0.3384,0.7596,38.017,36.053,34.089,51.578,35.138,35.634,-4.8649,55.9154,2.8139,False
2013-04-08,35.24,35.59,35.07,35.55,716200.0,0.3953,-0.2915,0.6868,37.9525,35.9975,34.0425,53.6774,35.202,35.5307,-3.6806,64.8136,3.7581,False
2013-04-09,35.51,36.13,35.29,35.76,600600.0,0.3872,-0.2396,0.6268,37.8373,35.9355,34.0337,54.8368,35.212,35.5393,-2.7194,69.589,5.0569,False
2013-04-10,35.69,35.97,35.25,35.85,764900.0,0.3837,-0.1945,0.5782,37.5281,35.8365,34.1449,55.3499,35.476,35.632,-5.887,66.6814,4.9502,False
2013-04-11,35.67,35.8,34.86,34.99,866900.0,0.3079,-0.2162,0.5242,37.2244,35.7055,34.1866,49.5822,35.464,35.6473,-6.2336,54.2692,3.9039,False
2013-04-12,35.05,35.57,34.76,35.19,1170700.0,0.261,-0.2105,0.4715,36.8965,35.5925,34.2885,50.8582,35.468,35.5933,-6.0635,51.3545,3.6346,False
2013-04-15,34.98,35.54,34.64,34.94,740400.0,0.2014,-0.2161,0.4175,36.6178,35.4845,34.3512,49.1909,35.346,35.5047,-5.8543,46.4354,3.3077,False
2013-04-16,35.04,36.94,34.95,36.35,1439100.0,0.2648,-0.1222,0.387,36.7142,35.5205,34.3268,57.592,35.464,35.5247,0.8188,69.3279,6.7955,False
2013-04-17,35.83,36.09,34.98,35.63,693600.0,0.2541,-0.1063,0.3604,36.6692,35.579,34.4888,52.8143,35.42,35.4907,0.1665,55.0275,6.7955,False
2013-04-18,35.81,36.51,35.46,36.07,1248100.0,0.2778,-0.066,0.3439,36.6864,35.6445,34.6026,55.2452,35.636,35.4813,3.0192,64.3525,7.827,False
2013-04-19,36.31,37.85,36.11,36.29,1629200.0,0.3108,-0.0264,0.3373,36.728,35.659,34.59,56.4473,35.856,35.4873,4.6447,81.2596,11.0221,False
2013-04-22,36.27,36.87,35.99,36.67,903100.0,0.3635,0.021,0.3425,36.8063,35.679,34.5517,58.5096,36.202,35.5833,1.0414,73.0381,10.6727,True
2013-04-23,37.0,38.38,36.85,37.33,1934600.0,0.4532,0.0886,0.3647,37.0742,35.743,34.4118,61.8695,36.398,35.6913,5.1219,97.4441,14.1307,True
2013-04-24,37.51,38.21,37.42,37.62,1159800.0,0.5415,0.1415,0.4,37.3737,35.817,34.2603,63.2698,36.796,35.8973,5.0158,100.8347,14.1307,True
2013-04-25,40.46,43.99,39.76,43.39,6029700.0,1.0648,0.5318,0.533,39.8294,36.176,32.5226,79.3984,38.26,36.4533,19.8964,217.493,25.5411,True
2013-04-26,43.1,43.3,41.85,42.51,2807700.0,1.3924,0.6876,0.7049,41.0711,36.4915,31.9119,74.0827,39.504,36.9427,16.2728,216.317,25.5411,True
2013-04-29,42.4,43.01,42.07,42.09,1030100.0,1.5998,0.7159,0.8839,41.9777,36.8345,31.6913,71.6304,40.588,37.3787,17.8518,208.6092,25.5411,True
2013-04-30,41.96,41.97,40.27,40.96,1779900.0,1.6538,0.616,1.0378,42.5125,37.097,31.6815,65.3907,41.314,37.7253,16.3894,172.3026,20.3052,True
2013-05-01,40.75,40.77,38.6499,38.8,2944600.0,1.505,0.3738,1.1313,42.6404,37.3105,31.9806,55.4908,41.55,37.922,13.8509,124.469,15.8815,True
2013-05-02,39.71,40.17,38.7,39.14,1312000.0,1.3984,0.2137,1.1847,42.7959,37.515,32.2341,56.599,40.7,38.1987,14.3142,120.4842,15.8815,True
2013-05-03,39.73,41.0,38.69,40.95,1527200.0,1.4434,0.2069,1.2364,43.1718,37.804,32.4362,61.9959,40.388,38.5827,16.4773,143.5545,17.489,True
2013-05-06,41.0,41.0,39.95,40.4,723400.0,1.4182,0.1454,1.2728,43.4233,38.0465,32.6697,59.5836,40.05,38.9467,15.2009,147.9545,17.489,True
2013-05-07,40.58,40.58,39.01,39.52,1846400.0,1.3122,0.0315,1.2807,43.5409,38.2345,32.9281,55.8578,39.762,39.158,12.3166,122.0782,14.9169,True
2013-05-08,39.62,40.2499,39.29,39.58,1440400.0,1.2189,-0.0494,1.2683,43.6405,38.421,33.2015,56.0585,39.918,39.4213,11.8985,118.9717,14.9169,False
2013-05-09,39.26,39.6,38.52,38.85,1895100.0,1.0737,-0.1557,1.2294,43.5916,38.614,33.6364,52.9215,39.86,39.6067,10.6145,93.7078,12.8244,False
2013-05-10,38.54,40.22,38.31,38.99,2527300.0,0.9589,-0.2164,1.1753,43.528,38.804,34.08,53.4567,39.468,39.7867,13.0728,96.3302,14.1051,False
2013-05-13,39.22,40.14,39.05,39.47,1557800.0,0.8963,-0.2232,1.1195,43.4138,39.0305,34.6472,55.3224,39.282,39.9733,12.9432,104.6914,14.1051,False
2013-05-14,39.45,40.34,39.43,40.24,2498300.0,0.8985,-0.1768,1.0753,43.4579,39.225,34.9921,58.2022,39.426,40.1673,9.2041,114.6012,14.524,False
2013-05-15,40.08,40.98,40.03,40.53,2086900.0,0.9131,-0.1298,1.0429,43.3985,39.47,35.5415,59.2617,39.616,40.3613,13.5495,125.4395,15.8594,False
2013-05-16,40.6,41.08,39.65,39.9,1867500.0,0.8639,-0.1432,1.0071,43.2686,39.6615,36.0544,55.9598,39.826,40.1287,12.5171,110.7961,14.7767,False
2013-05-17,39.75,40.48,39.44,40.39,1419200.0,0.8545,-0.122,0.9766,43.1339,39.8665,36.5991,57.9139,40.106,39.9873,6.9485,102.7499,14.177,False
2013-05-20,40.48,41.0,39.96,40.31,1829000.0,0.8311,-0.1164,0.9475,42.9707,40.0485,37.1263,57.4679,40.274,39.8687,11.2015,107.985,15.2915,False
2013-05-21,40.13,40.39,39.26,40.04,1206000.0,0.7818,-0.1326,0.9143,42.8275,40.184,37.5405,55.9107,40.234,39.8073,5.2371,87.7864,13.2777,False
2013-05-22,40.06,40.98,38.1,38.42,1375600.0,0.6049,-0.2475,0.8525,42.7318,40.224,37.7162,47.6165,39.812,39.782,7.2494,61.9999,10.0388,False
2013-05-23,37.72,38.24,36.5,37.65,1123600.0,0.3981,-0.3635,0.7616,42.2348,39.937,37.6392,44.2719,39.362,39.6827,-13.0712,4.6574,5.7956,False
2013-05-24,37.66,37.86,37.05,37.81,671400.0,0.2443,-0.4139,0.6581,41.856,39.702,37.548,45.1299,38.846,39.4733,-12.5635,5.5633,5.7956,False
2013-05-28,38.57,38.88,37.2505,37.31,624400.0,0.0811,-0.4616,0.5427,41.5642,39.463,37.3618,42.9174,38.246,39.2673,-9.6024,11.1527,8.1312,False
2013-05-29,36.79,37.07,35.21,36.72,2483300.0,-0.0948,-0.51,0.4152,41.5514,39.251,36.9506,40.4125,37.582,39.0807,-11.675,-44.3483,2.9391,False
2013-05-30,36.84,37.67,36.61,36.77,1360400.0,-0.2275,-0.5142,0.2867,41.6875,39.1495,36.6115,40.7266,37.252,38.8933,-7.6036,-20.5535,4.313,False
2013-05-31,36.4,37.17,36.15,36.76,1115900.0,-0.3297,-0.4931,0.1634,41.7739,39.0305,36.2871,40.6807,37.074,38.754,-7.4683,-32.4467,3.1744,False
2013-06-03,36.54,36.77,35.91,36.75,1744600.0,-0.4068,-0.4561,0.0494,41.587,38.8205,36.054,40.6316,36.862,38.6047,-10.3171,-40.1844,2.5803,False
2013-06-04,36.89,37.31,35.89,36.09,973200.0,-0.5152,-0.4516,-0.0635,41.5136,38.605,35.6964,37.4351,36.618,38.3793,-9.0,-41.6978,3.8471,False
2013-06-05,35.99,36.105,35.62,35.91,783900.0,-0.6086,-0.4361,-0.1726,41.5252,38.4245,35.3238,36.5939,36.456,38.0907,-11.0276,-61.1413,3.165,False
2013-06-06,35.79,36.75,35.58,36.74,645800.0,-0.6087,-0.3489,-0.2598,41.4185,38.2825,35.1465,42.9297,36.45,37.838,-8.6954,-42.5691,4.6861,False
2013-06-07,37.0,39.23,36.61,39.16,1598600.0,-0.4087,-0.1192,-0.2896,41.4481,38.298,35.1479,56.5065,36.93,37.7887,-0.9343,28.3642,10.2015,False
2013-06-10,39.34,39.76,38.95,39.65,1532100.0,-0.2083,0.065,-0.2733,41.5229,38.331,35.1391,58.6411,37.51,37.7393,-1.1437,66.1134,11.3167,True
2013-06-11,39.44,40.24,38.9001,39.95,2812200.0,-0.025,0.1986,-0.2236,41.5878,38.355,35.1222,59.931,38.282,37.7153,0.2491,71.8754,12.3197,True
2013-06-12,40.34,40.49,38.23,38.37,2877500.0,-0.0071,0.1732,-0.1803,41.3768,38.2615,35.1462,50.9619,38.774,37.604,0.3718,46.9521,10.5448,True
2013-06-13,38.33,38.33,35.9,37.93,2042700.0,-0.0282,0.1218,-0.1499,41.0693,38.1315,35.1937,48.7835,39.012,37.5713,-6.4666,-11.4759,4.6947,True
2013-06-14,37.92,38.3,37.24,37.25,645800.0,-0.0986,0.0411,-0.1396,40.8433,37.999,35.1547,45.5589,38.63,37.5447,-6.7673,-5.7942,4.6947,True
2013-06-17,37.76,38.18,37.46,38.04,812900.0,-0.0896,0.0401,-0.1296,40.5067,37.8815,35.2563,49.6977,38.308,37.56,-5.6818,3.5168,4.6947,True
2013-06-18,38.37,38.44,37.23,37.67,1359900.0,-0.111,0.0149,-0.1259,40.1268,37.7495,35.3722,47.8715,37.852,37.584,-6.2439,-1.6084,5.283,True
2013-06-19,37.78,39.61,37.78,38.69,1614900.0,-0.0452,0.0646,-0.1098,39.864,37.682,35.5,52.9755,37.916,37.7153,-1.9312,30.7266,7.8849,True
2013-06-20,38.3105,38.52,37.78,38.33,1137100.0,-0.0218,0.0704,-0.0922,39.8537,37.6775,35.5013,51.0841,37.996,37.8193,-6.0029,11.5654,7.8849,True
2013-06-21,38.86,39.28,37.61,39.24,1677000.0,0.0693,0.1292,-0.0599,40.0371,37.757,35.4769,55.397,38.394,37.9847,2.7197,28.9962,9.554,True
2013-06-24,38.92,40.02,38.12,39.43,1700600.0,0.1551,0.172,-0.0169,40.2321,37.838,35.4439,56.2598,38.672,38.1633,5.7052,45.4429,11.1481,True
2013-06-25,39.75,40.01,39.04,39.6,905800.0,0.2341,0.2008,0.0333,40.4514,37.9525,35.4536,57.0561,39.058,38.3973,2.9064,56.9329,11.1481,True
2013-06-26,40.0,41.0,39.82,40.89,1638300.0,0.3963,0.2903,0.1059,40.8983,38.161,35.4237,62.5929,39.498,38.7293,10.6016,92.572,13.2633,True
2013-06-27,41.0,41.4,40.19,40.93,2101700.0,0.522,0.3328,0.1891,41.2787,38.369,35.4593,62.7524,40.018,39.0087,9.9018,99.7673,14.1035,True
2013-06-28,40.86,41.35,40.21,40.39,4739000.0,0.5714,0.3058,0.2656,41.4888,38.5505,35.6122,59.106,40.248,39.0907,11.2456,89.7935,14.1035,True
2013-07-01,40.21,41.4,39.825,40.79,1504500.0,0.6356,0.296,0.3396,41.7232,38.7525,35.7818,60.9088,40.52,39.1667,12.5918,88.0094,13.0138,True
2013-07-02,40.79,41.285,40.53,41.21,1036500.0,0.7121,0.298,0.4141,41.8986,39.0085,36.1184,62.7559,40.842,39.2507,10.654,98.3719,13.0138,True
2013-07-03,40.93,41.82,40.93,41.74,1015100.0,0.8062,0.3137,0.4925,42.0541,39.3,36.5459,64.9924,41.012,39.4753,15.8288,114.3748,14.1915,True
2013-07-05,41.77,43.34,41.68,43.31,1393900.0,0.996,0.4028,0.5932,42.6383,39.6285,36.6187,70.5963,41.488,39.834,17.932,159.9219,17.4217,True
2013-07-08,43.14,44.0,42.79,42.87,1540300.0,1.0982,0.404,0.6942,43.1274,39.814,36.5006,67.3586,41.984,40.2087,12.1591,171.9382,18.772,True
2013-07-09,43.05,43.45,42.18,43.29,1120300.0,1.1993,0.4041,0.7952,43.6371,39.996,36.3549,68.821,42.484,40.5587,9.2807,157.9951,16.9743,True
2013-07-10,42.98,44.0,42.89,43.47,948100.0,1.2792,0.3872,0.892,44.1149,40.172,36.2291,69.4496,42.936,40.9453,9.3439,172.2185,18.1108,True
2013-07-11,44.015,44.81,43.9,44.43,1839600.0,1.4038,0.4094,0.9944,44.736,40.475,36.214,72.6052,43.474,41.328,10.6693,200.3222,19.7558,True
2013-07-12,44.84,46.535,44.82,45.46,3341100.0,1.5676,0.4586,1.109,45.4628,40.8515,36.2402,75.5128,43.904,41.8033,21.4062,236.6561,23.1015,True
2013-07-15,45.43,45.92,44.96,45.26,959900.0,1.6621,0.4425,1.2197,45.9333,41.252,36.5707,73.8814,44.382,42.2047,19.8956,216.3801,23.1015,True
2013-07-16,45.31,45.3825,43.91,43.99,1888400.0,1.6159,0.317,1.2989,46.1317,41.5495,36.9673,64.4135,44.522,42.5087,18.8646,172.005,19.9532,True
2013-07-17,44.36,44.62,43.7,43.73,1135300.0,1.5406,0.1933,1.3472,46.1618,41.8525,37.5432,62.6524,44.574,42.784,16.077,149.8797,19.3325,True
2013-07-18,43.73,45.07,43.53,44.84,1358500.0,1.5525,0.1642,1.3883,46.3999,42.16,37.9201,66.804,44.656,43.0473,13.7844,158.2606,20.232,True
2013-07-19,44.55,44.55,43.84,43.89,718200.0,1.4684,0.0641,1.4043,46.3537,42.438,38.5223,60.6244,44.342,43.2447,15.6542,137.9691,20.232,True
2013-07-22,44.0,44.01,43.62,43.83,787100.0,1.381,-0.0187,1.3996,46.3368,42.6675,38.9982,60.2473,44.056,43.474,12.0418,126.0268,19.5579,False
2013-07-23,44.0,44.0,43.41,43.52,670800.0,1.272,-0.1021,1.3741,46.2404,42.872,39.5036,58.2417,43.962,43.656,9.945,118.1798,18.9108,False
2013-07-24,43.95,44.94,43.95,44.54,1067800.0,1.2535,-0.0965,1.35,46.204,43.119,40.034,62.6276,44.124,43.878,12.3219,142.1652,20.8607,False
2013-07-25,44.47,45.57,44.47,45.38,807500.0,1.2918,-0.0466,1.3383,46.4003,43.3435,40.2867,65.7973,44.232,44.1207,11.1463,155.7761,22.1369,False
2013-07-26,45.09,45.29,44.05,44.14,711200.0,1.2081,-0.1042,1.3123,46.3681,43.504,40.6399,58.0149,44.282,44.176,9.3961,128.2253,20.816,False
2013-07-29,44.1,44.62,43.6,43.75,133400.0,1.0976,-0.1717,1.2694,46.1545,43.672,41.1895,55.7912,44.266,44.2347,7.9081,107.6741,19.409,False
2013-07-30,43.75,43.91,42.89,43.21,1061100.0,0.9555,-0.2511,1.2066,45.911,43.793,41.675,52.7894,44.204,44.2293,6.0628,84.6161,17.2187,False
2013-07-31,43.29,43.91,43.16,43.58,1642900.0,0.8628,-0.275,1.1378,45.6734,43.9115,42.1496,54.5833,44.012,44.2367,6.3582,87.1037,17.2187,False
2013-08-01,46.09,47.43,42.57,46.4,4926500.0,1.0053,-0.106,1.1113,45.9285,44.1445,42.3605,65.3385,44.216,44.368,13.4146,134.2267,24.335,False
2013-08-02,45.6,46.0,45.19,45.62,3911600.0,1.0432,-0.0545,1.0977,46.1108,44.26,42.4092,61.0538,44.512,44.3787,6.1375,130.7668,24.335,False
2013-08-05,45.36,45.36,43.91,44.01,1146900.0,0.9326,-0.132,1.0647,46.0601,44.317,42.5739,53.3208,44.564,44.2953,3.0909,95.1991,20.4413,False
2013-08-06,43.5,43.68,41.93,42.3,2022400.0,0.699,-0.2926,0.9915,46.1731,44.2675,42.3619,46.6037,44.382,44.1827,0.5293,46.7896,14.7865,False
2013-08-07,42.24,42.31,41.35,41.64,1371500.0,0.4553,-0.429,0.8843,46.3786,44.176,41.9734,44.296,43.994,44.0433,-3.8409,23.2573,13.2032,False
2013-08-08,41.71,42.88,41.33,42.68,928900.0,0.3421,-0.4337,0.7759,46.381,44.0885,41.796,48.5935,43.25,43.8993,-4.3071,35.8456,14.3835,False
2013-08-09,42.6,42.96,42.17,42.49,1123300.0,0.2344,-0.4332,0.6676,46.2426,43.94,41.6374,47.8706,42.624,43.806,-7.6824,40.8983,14.5493,False
2013-08-12,41.9,43.0,41.77,42.06,964500.0,0.113,-0.4436,0.5567,46.1376,43.78,41.4224,46.2039,42.234,43.688,-6.3589,33.1298,13.4321,False
2013-08-13,42.16,42.16,41.35,41.59,690700.0,-0.0208,-0.462,0.4412,46.1999,43.66,41.1201,44.3938,42.092,43.5593,-7.1008,17.762,12.2629,False
2013-08-14,41.59,43.56,41.53,43.51,1712400.0,0.0277,-0.3308,0.3585,46.1895,43.649,41.1085,52.5331,42.466,43.4907,-2.3756,46.1291,15.2249,False
2013-08-15,42.92,43.61,42.68,43.61,1890900.0,0.0734,-0.2281,0.3014,46.0685,43.5875,41.1065,52.9176,42.652,43.3727,-3.2394,55.3175,15.3288,False
2013-08-16,43.69,44.61,43.32,44.47,2291100.0,0.1769,-0.0996,0.2765,46.1244,43.6165,41.1086,56.1883,43.048,43.3947,0.1347,73.8479,17.3865,False
2013-08-19,44.35,44.38,43.6625,43.88,1747400.0,0.209,-0.0541,0.263,46.1278,43.619,41.1102,53.4586,43.412,43.4033,0.8407,67.8164,17.3865,False
2013-08-20,43.65,44.61,43.52,44.48,894100.0,0.2796,0.0132,0.2663,46.203,43.667,41.131,55.7984,43.99,43.488,1.3864,71.5843,17.8613,True
2013-08-21,44.2,46.03,44.02,45.46,3527200.0,0.4099,0.1148,0.295,46.3424,43.713,41.0836,59.3727,44.38,43.6133,2.4255,93.7577,20.7222,True
2013-08-22,45.14,46.6,45.04,45.56,1814800.0,0.5153,0.1762,0.3391,46.3752,43.722,41.0688,59.7287,44.77,43.5573,2.2603,105.9604,21.8335,True
2013-08-23,45.45,46.27,45.45,45.74,1787700.0,0.6063,0.2138,0.3925,46.5937,43.802,41.0103,60.398,45.024,43.5653,2.1638,105.7064,21.8335,True
2013-08-26,45.82,47.83,45.58,47.35,2247500.0,0.7992,0.3253,0.4739,47.1728,43.982,40.7912,65.8389,45.718,43.788,7.1941,131.8574,24.8166,True
2013-08-27,46.72,46.72,45.61,46.08,1728500.0,0.8399,0.2928,0.5471,47.4209,44.1255,40.8301,58.9893,46.038,44.04,6.3995,108.9725,24.8166,True
2013-08-28,46.46,46.83,45.87,46.43,1026800.0,0.8901,0.2744,0.6157,47.7004,44.268,40.8356,60.2115,46.232,44.3593,6.65,113.8752,25.0253,True
2013-08-29,45.92,47.03,45.9,47.0,766900.0,0.9648,0.2793,0.6855,47.8139,44.298,40.7821,62.1784,46.52,44.6473,-0.8433,119.9408,25.4081,True
2013-08-30,46.9,47.05,45.98,46.88,2180000.0,1.0027,0.2538,0.7489,48.0119,44.361,40.7101,61.4928,46.748,44.94,2.2826,118.2615,25.4468,True
2013-09-03,47.1,47.64,46.41,46.9,1931300.0,1.0226,0.2189,0.8037,48.3148,44.5055,40.6962,61.5684,46.658,45.2627,5.0265,125.8877,26.5896,True
2013-09-04,47.6,47.6,46.12,47.2,1213100.0,1.0505,0.1974,0.853,48.591,44.7505,40.91,62.7452,46.882,45.6367,8.9744,122.3121,25.627,True
2013-09-05,47.25,48.09,46.8,47.6,1251100.0,1.0922,0.1914,0.9009,48.8013,45.0485,41.2957,64.3064,47.116,45.9093,13.6611,134.3148,26.5862,True
2013-09-06,47.81,48.0,46.52,46.95,1980300.0,1.0607,0.1278,0.9328,48.9365,45.262,41.5875,59.9334,47.106,46.132,11.9403,121.3342,25.6445,True
2013-09-09,47.02,49.47,46.61,49.14,1801500.0,1.1985,0.2126,0.986,49.4064,45.5945,41.7826,67.8305,47.558,46.4433,15.1536,157.2072,28.4849,True
2013-09-10,49.3,49.97,49.15,49.88,927200.0,1.3519,0.2928,1.0592,49.8706,45.9855,42.1004,69.9731,48.154,46.8433,16.2093,192.1736,29.4175,True
2013-09-11,49.86,50.27,49.55,49.89,1185100.0,1.4575,0.3187,1.1388,50.0869,46.4005,42.7141,70.002,48.692,47.204,19.2362,194.3926,29.9747,True
2013-09-12,50.0,50.35,49.41,49.45,1246400.0,1.4885,0.2797,1.2088,50.3616,46.6975,43.0334,66.9608,49.062,47.47,15.5877,184.5947,29.4896,True
2013-09-13,49.44,49.55,47.34,48.79,1667100.0,1.4432,0.1875,1.2557,50.4389,46.9565,43.4741,62.5906,49.43,47.6853,13.6207,142.5177,22.6084,True
2013-09-16,48.96,49.85,48.215,48.75,1323600.0,1.388,0.1059,1.2821,50.5395,47.1705,43.8015,62.3264,49.352,47.886,11.7462,150.0769,23.2098,True
2013-09-17,48.62,49.41,48.62,49.34,1454800.0,1.3761,0.0752,1.3009,50.5785,47.4435,44.3085,64.6819,49.244,48.0187,11.3339,150.5164,23.2098,True
2013-09-18,50.6684,51.65,50.44,51.22,2185500.0,1.501,0.1601,1.3409,51.0162,47.7805,44.5448,70.8946,49.51,48.3613,15.7812,203.2853,27.5571,True
2013-09-19,51.4,51.75,51.08,51.57,990200.0,1.6097,0.215,1.3947,51.5344,48.086,44.6376,71.8813,49.934,48.704,12.4267,203.3793,27.7428,True
2013-09-20,51.63,52.26,51.26,52.23,3875100.0,1.7292,0.2676,1.4616,52.108,48.4195,44.731,73.6836,50.622,49.0527,12.1459,205.4184,28.6909,True
2013-09-23,52.0,52.39,51.5,51.82,1414400.0,1.7703,0.247,1.5233,52.4801,48.7235,44.9669,70.6687,51.236,49.382,13.2267,193.9125,28.9326,True
2013-09-24,51.72,53.11,51.57,52.59,1064400.0,1.8439,0.2564,1.5874,53.0414,48.9855,44.9296,72.8999,51.886,49.7613,11.0391,197.7347,30.264,True
2013-09-25,52.68,53.11,52.18,52.35,1009900.0,1.8613,0.2191,1.6422,53.3773,49.299,45.2207,71.0939,52.112,50.1047,13.6772,190.0134,30.264,True
2013-09-26,52.58,52.78,52.13,52.39,1147400.0,1.8569,0.1718,1.6852,53.6642,49.597,45.5298,71.2212,52.276,50.424,12.7055,176.2974,30.089,True
2013-09-27,52.44,53.0,52.36,52.52,838400.0,1.8427,0.1261,1.7167,53.947,49.873,45.799,71.6559,52.334,50.7953,12.694,171.2064,30.5068,True
2013-09-30,52.1,52.34,51.17,51.95,1383100.0,1.7651,0.0388,1.7264,54.0522,50.1265,46.2008,66.9079,52.36,50.9827,11.2434,142.4349,26.3529,True
2013-10-01,51.6,51.89,50.61,51.49,1288600.0,1.6475,-0.0631,1.7106,54.029,50.356,46.683,63.2823,52.14,51.09,8.9211,123.8345,24.4571,False
2013-10-02,51.35,52.42,51.215,52.27,1158200.0,1.5988,-0.0894,1.6882,54.0699,50.6095,47.1491,66.5731,52.124,51.2487,10.1261,132.9146,25.5325,False
2013-10-03,52.39,52.9,51.56,52.15,1512800.0,1.5329,-0.1243,1.6572,54.0666,50.837,47.6074,65.6039,52.076,51.4287,10.0021,132.0007,26.4962,False
2013-10-04,53.09,55.46,52.81,54.43,1688800.0,1.6456,-0.0092,1.6549,54.282,51.211,48.14,73.4673,52.458,51.8047,15.5417,169.2471,31.3169,False
2013-10-07,54.26,55.46,53.135,53.25,1235700.0,1.6211,-0.027,1.6481,54.4555,51.4165,48.3775,65.2018,52.718,52.1047,12.1083,153.3894,31.3169,False
2013-10-08,53.06,53.06,47.64,48.91,4258200.0,1.2372,-0.3288,1.5659,54.532,51.368,48.204,45.1739,52.202,52.076,6.1837,61.7883,14.6282,False
2013-10-09,48.92,49.08,47.3701,48.08,1583100.0,0.8561,-0.5679,1.4239,54.6985,51.2775,47.8565,42.499,51.364,51.8667,-2.3672,23.9074,13.9051,False
2013-10-10,49.05,51.82,48.7,51.6,1422400.0,0.8285,-0.4763,1.3049,54.7031,51.385,48.0669,54.69,51.254,51.8687,2.9196,75.8266,19.1691,False
2013-10-11,51.65,51.89,50.88,51.59,726800.0,0.7967,-0.4065,1.2032,54.6223,51.525,48.4277,54.6548,50.686,51.826,4.7225,88.2298,19.2973,False
2013-10-14,51.18,52.9,50.77,51.9,716500.0,0.7874,-0.3326,1.1201,54.5077,51.6825,48.8573,55.6057,50.416,51.8313,6.1184,93.0077,21.1326,False
2013-10-15,51.92,51.92,49.68,49.69,1080700.0,0.5949,-0.4201,1.015,54.4708,51.7,48.9292,47.9284,50.572,51.638,5.0799,60.7185,18.1829,False
2013-10-16,50.11,52.295,50.04,51.85,1204900.0,0.6096,-0.3244,0.9339,54.494,51.7315,48.969,54.506,51.326,51.6047,1.2488,78.1087,18.8741,False
2013-10-17,51.57,52.0,50.88,51.71,1325400.0,0.6029,-0.2648,0.8677,54.5001,51.7385,48.9769,54.032,51.348,51.5593,0.4831,78.1076,18.8741,False
2013-10-18,52.15,52.38,51.24,51.83,628700.0,0.6005,-0.2138,0.8143,54.4713,51.7185,48.9657,54.3962,51.396,51.5133,0.2296,81.1876,19.586,False
2013-10-21,52.68,54.04,52.68,53.88,1108700.0,0.7552,-0.0473,0.8025,54.7315,51.8215,48.9115,60.1719,51.792,51.642,3.1495,112.5414,22.6032,False
2013-10-22,54.22,54.57,52.59,54.08,1281800.0,0.8838,0.0651,0.8187,54.9534,51.896,48.8386,60.6923,52.67,51.8147,2.749,112.9693,23.5348,True
2013-10-23,54.0,54.0,52.5,52.96,1418300.0,0.8851,0.0531,0.832,55.0135,51.9265,48.8395,56.2803,52.892,51.8607,1.6758,97.8077,23.2786,True
2013-10-24,54.75,58.41,54.75,58.37,3032100.0,1.3076,0.3805,0.9271,56.4007,52.2255,48.0503,68.2321,54.224,52.2753,10.6669,172.8302,30.4656,True
2013-10-25,57.55,57.8,56.05,56.69,2050900.0,1.4898,0.4501,1.0397,57.0413,52.434,47.8267,62.5434,55.196,52.426,9.0566,158.8728,30.4656,True
2013-10-28,56.6,56.94,54.68,54.84,1120800.0,1.4679,0.3426,1.1253,57.296,52.5785,47.861,56.9421,55.388,52.532,8.7887,127.1835,26.6538,True
2013-10-29,54.81,55.49,53.93,54.05,1179400.0,1.371,0.1966,1.1744,57.4378,52.7065,47.9752,54.7008,55.382,52.8747,6.9378,104.4936,24.6266,True
2013-10-30,54.03,55.17,53.7048,54.1,1058100.0,1.2835,0.0872,1.1963,57.5627,52.798,48.0333,54.8214,55.61,53.276,5.2461,98.6645,24.0205,True
2013-10-31,54.17,54.92,52.82,54.61,972200.0,1.2409,0.0357,1.2052,57.7391,52.921,48.1029,56.0986,54.858,53.4767,3.8185,92.5079,21.6564,True
2013-11-01,54.22,54.51,53.01,53.81,1217900.0,1.1297,-0.0604,1.1901,57.6768,52.89,48.1032,53.554,54.282,53.6247,-1.7129,83.8192,21.6564,False
2013-11-04,54.14,54.41,53.71,54.16,1058500.0,1.0575,-0.1061,1.1636,57.7523,52.9355,48.1187,54.521,54.146,53.7753,-1.8933,88.3353,21.6564,False
2013-11-05,54.16,56.355,53.92,55.36,1294700.0,1.0847,-0.0631,1.1478,57.81,53.258,48.706,57.7521,54.408,54.1533,6.21,109.5078,24.9633,False
2013-11-06,55.03,55.35,51.8,53.73,2555600.0,0.9636,-0.1474,1.1109,57.4242,53.5405,49.6568,52.3403,54.334,54.2787,12.7751,73.6704,19.3779,False
2013-11-07,54.14,54.42,51.52,51.79,3767000.0,0.7029,-0.3264,1.0293,57.4156,53.55,49.6844,46.7535,53.77,54.284,5.0174,48.431,18.6655,False
2013-11-08,51.53,52.99,51.2,51.86,1963000.0,0.4963,-0.4264,0.9227,57.4034,53.5635,49.7236,46.9723,53.38,54.286,2.1199,33.4531,17.8481,False
2013-11-11,51.82,52.49,51.71,51.96,1141200.0,0.3367,-0.4688,0.8055,57.4013,53.5665,49.7317,47.3037,52.94,54.158,-0.775,32.4309,17.8481,False
2013-11-12,52.0,52.81,51.5,52.35,1389300.0,0.239,-0.4532,0.6922,57.1528,53.6995,50.2462,48.6451,52.338,54.0427,1.7142,34.6936,18.4292,False
2013-11-13,52.0,53.57,51.54,53.54,1145000.0,0.2546,-0.3501,0.6047,57.1333,53.784,50.4347,52.5905,52.3,54.0813,2.4381,50.6076,19.7992,False
2013-11-14,53.37,53.86,52.41,52.62,1126300.0,0.1906,-0.3313,0.5219,57.0884,53.8295,50.5706,49.444,52.466,53.698,3.5769,51.3161,20.3186,False
2013-11-15,53.05,53.49,52.63,53.1,765800.0,0.1765,-0.2763,0.4528,57.0412,53.893,50.7448,51.0801,52.714,53.4587,2.1191,53.0608,20.3186,False
2013-11-18,53.27,53.68,51.43,51.66,1130100.0,0.0486,-0.3234,0.372,57.0773,53.782,50.4867,46.2673,52.654,53.2467,-0.6662,26.665,17.0743,False
2013-11-19,52.01,52.75,51.08,51.85,2327400.0,-0.037,-0.3272,0.2902,57.0672,53.6705,50.2738,46.9736,52.554,53.1,-3.3352,13.1941,16.1455,False
2013-11-20,51.84,52.52,50.54,51.15,1457000.0,-0.1595,-0.3597,0.2003,57.1402,53.58,50.0198,44.6565,52.076,52.9033,-2.7407,-6.0265,14.7173,False
2013-11-21,51.64,52.89,51.14,52.84,1227300.0,-0.1188,-0.2552,0.1364,56.1124,53.3035,50.4946,50.9191,52.12,52.7853,-9.4504,22.245,15.4418,False
2013-11-22,53.25,55.82,52.84,55.42,2571300.0,0.1202,-0.013,0.1332,55.7848,53.24,50.6952,58.5848,52.584,52.8927,-3.4256,108.3644,20.8561,False
2013-11-25,55.49,55.5,52.17,52.61,1833000.0,0.082,-0.041,0.123,55.5766,53.1285,50.6804,49.5533,52.774,52.7893,-2.529,59.0998,19.083,False
2013-11-26,53.22,55.06,52.64,54.5,7598300.0,0.2018,0.0631,0.1387,55.6405,53.151,50.6615,54.5973,53.304,52.732,-0.7749,82.3042,19.083,True
2013-11-27,54.45,54.46,53.4,53.76,740600.0,0.2344,0.0765,0.1579,55.6019,53.134,50.6661,52.3994,53.826,52.734,-1.2869,72.3358,19.083,True
2013-11-29,53.96,54.44,52.42,53.11,589900.0,0.2054,0.038,0.1674,55.4323,53.059,50.6857,50.4867,53.88,52.822,-0.874,46.8975,16.4546,True
2013-12-02,53.2,53.25,51.9,52.34,1120600.0,0.1189,-0.0388,0.1577,55.3523,52.9855,50.6187,48.2512,53.264,52.854,-2.3115,7.1056,15.084,False
2013-12-03,52.06,52.53,51.72,51.98,638300.0,0.0211,-0.1093,0.1304,55.2175,52.8765,50.5355,47.2042,53.138,52.8553,-3.4552,-15.8084,14.6092,False
2013-12-04,51.52,53.32,51.52,53.2,1354000.0,0.0415,-0.0711,0.1126,54.823,52.7685,50.714,51.0601,52.878,52.912,-5.3855,11.1997,16.1533,False
2013-12-05,52.96,54.06,52.49,53.49,1093800.0,0.0802,-0.0259,0.1061,54.7911,52.7565,50.7219,51.9538,52.824,52.9087,-2.3306,42.2544,17.5731,False
2013-12-06,54.14,54.285,52.53,52.71,861400.0,0.0473,-0.047,0.0944,54.7887,52.8025,50.8163,49.3565,52.744,52.9147,-0.2481,31.4412,18.0025,False
2013-12-09,52.98,53.0,51.22,51.63,1604900.0,-0.0651,-0.1275,0.0625,54.8014,52.791,50.7806,45.9486,52.602,52.8167,0.0189,-36.5212,14.4721,False
2013-12-10,50.9,51.3525,50.74,50.86,1300200.0,-0.2138,-0.221,0.0072,54.8894,52.736,50.5826,43.6466,52.378,52.7633,-2.1671,-92.7929,13.21,False
2013-12-11,50.99,51.18,49.31,49.35,1813900.0,-0.4484,-0.3645,-0.0839,55.1957,52.586,49.9763,39.4897,51.608,52.5967,-3.0865,-152.5142,9.5507,False
2013-12-12,49.35,49.59,48.22,49.0,2265500.0,-0.655,-0.4569,-0.1981,55.358,52.359,49.36,38.5772,50.71,52.4533,-7.4295,-201.6888,6.873,False
2013-12-13,49.49,50.84,49.25,50.53,1928600.0,-0.6873,-0.3914,-0.296,55.3538,52.2545,49.1552,44.5753,50.274,52.2993,-5.6071,-129.3688,9.4541,False
2013-12-16,51.02,51.99,50.62,51.37,1842300.0,-0.6378,-0.2735,-0.3643,55.2647,52.168,49.0713,47.5861,50.222,52.0293,-2.8043,-68.2264,11.7427,False
2013-12-17,51.1,51.61,50.78,51.43,1238300.0,-0.587,-0.1781,-0.4089,55.2623,52.1565,49.0507,47.8031,50.336,51.9507,-3.8562,-69.9809,11.7427,False
2013-12-18,51.53,51.88,50.16,51.01,1104800.0,-0.574,-0.1321,-0.4419,55.2583,52.1145,48.9707,46.3635,50.668,51.718,-1.6493,-80.9556,10.1898,False
2013-12-19,50.83,51.55,50.15,50.84,1157500.0,-0.5708,-0.1031,-0.4677,55.2646,52.099,48.9334,45.7658,51.036,51.5233,-1.8469,-86.5404,10.1647,False
2013-12-20,51.23,54.27,51.11,54.21,3200900.0,-0.293,0.1398,-0.4327,55.4514,52.1675,48.8836,57.424,51.772,51.5967,2.6092,32.3739,15.4918,True
2013-12-23,54.75,55.84,54.63,55.24,1538100.0,0.0102,0.3543,-0.3442,55.4075,52.1585,48.9095,60.2239,52.546,51.79,0.0358,128.9423,18.3343,True
2013-12-24,54.84,55.22,54.44,55.05,435200.0,0.2324,0.4613,-0.2288,55.763,52.2805,48.798,59.4512,53.27,51.9947,-0.5045,107.9786,17.8465,True
2013-12-26,54.94,55.13,54.53,55.07,449900.0,0.4055,0.5075,-0.102,55.8721,52.309,48.7459,59.5098,54.082,52.1193,0.1271,104.1883,17.8465,True
2013-12-27,55.21,55.63,55.021,55.5,606300.0,0.5708,0.5382,0.0326,56.175,52.396,48.617,60.8142,55.014,52.2533,2.1484,121.1696,18.758,True
2013-12-30,55.53,55.67,55.23,55.51,748300.0,0.6946,0.5296,0.165,56.5235,52.516,48.5085,60.8456,55.274,52.44,2.2594,119.8329,18.8313,True
2013-12-31,55.39,56.04,55.39,56.01,422900.0,0.8236,0.5268,0.2967,56.9845,52.6995,48.4145,62.4586,55.428,52.732,5.2394,131.9035,19.5141,True
